[07-May-2026 10:42:30 UTC] PHP Fatal error:  Uncaught Error: Call to undefined method WP_REST_Response::get_error_code() in C:\xampp\htdocs\inclen_live\test-api.php:24
Stack trace:
#0 {main}
  thrown in C:\xampp\htdocs\inclen_live\test-api.php on line 24
[08-May-2026 09:04:17 UTC] PHP Warning:  Undefined variable $text in C:\xampp\htdocs\inclen_live\admin\wp-admin\admin-footer.php on line 47
[08-May-2026 09:04:22 UTC] PHP Warning:  Undefined variable $text in C:\xampp\htdocs\inclen_live\admin\wp-admin\admin-footer.php on line 47
[08-May-2026 09:05:56 UTC] PHP Warning:  Undefined variable $text in C:\xampp\htdocs\inclen_live\admin\wp-admin\admin-footer.php on line 47
[29-May-2026 05:17:59 UTC] Automatic updates starting...
[29-May-2026 05:18:00 UTC]   Automatic plugin updates starting...
[29-May-2026 05:18:00 UTC]   Automatic plugin updates complete.
[29-May-2026 05:18:01 UTC]   Automatic theme updates starting...
[29-May-2026 05:18:01 UTC]   Automatic theme updates complete.
[29-May-2026 05:18:01 UTC] Automatic updates complete.
[01-Jun-2026 07:22:23 UTC] PHP Fatal error:  Maximum execution time of 30 seconds exceeded in C:\xampp\htdocs\inclen_live\admin\wp-includes\widgets\class-wp-widget-archives.php on line 17
Stack trace:
#0 C:\xampp\htdocs\inclen_live\admin\wp-includes\default-widgets.php(25): require_once()
#1 C:\xampp\htdocs\inclen_live\admin\wp-includes\functions.php(5453): require_once('...')
#2 C:\xampp\htdocs\inclen_live\admin\wp-includes\class-wp-hook.php(341): wp_maybe_load_widgets()
#3 C:\xampp\htdocs\inclen_live\admin\wp-includes\class-wp-hook.php(365): WP_Hook->apply_filters()
#4 C:\xampp\htdocs\inclen_live\admin\wp-includes\plugin.php(522): WP_Hook->do_action()
#5 C:\xampp\htdocs\inclen_live\admin\wp-settings.php(622): do_action()
#6 C:\xampp\htdocs\inclen_live\admin\wp-config.php(58): require_once('...')
#7 C:\xampp\htdocs\inclen_live\admin\wp-load.php(50): require_once('...')
#8 C:\xampp\htdocs\inclen_live\admin\wp-blog-header.php(13): require_once('...')
#9 C:\xampp\htdocs\inclen_live\admin\index.php(17): require('...')
#10 {main}
[01-Jun-2026 07:22:39 UTC] Automatic updates starting...
[01-Jun-2026 07:22:41 UTC]   Automatic plugin updates starting...
[01-Jun-2026 07:22:41 UTC]   Automatic plugin updates complete.
[01-Jun-2026 07:22:42 UTC]   Automatic theme updates starting...
[01-Jun-2026 07:22:42 UTC]   Automatic theme updates complete.
[01-Jun-2026 07:22:42 UTC] Automatic updates complete.
[09-Jun-2026 12:27:29 UTC] Automatic updates starting...
[09-Jun-2026 12:27:30 UTC]   Automatic plugin updates starting...
[09-Jun-2026 12:27:30 UTC]   Automatic plugin updates complete.
[09-Jun-2026 12:27:31 UTC]   Automatic theme updates starting...
[09-Jun-2026 12:27:31 UTC]   Automatic theme updates complete.
[09-Jun-2026 12:27:31 UTC] Automatic updates complete.
[11-Jun-2026 10:24:43 UTC] Automatic updates starting...
[11-Jun-2026 10:24:44 UTC]   Automatic plugin updates starting...
[11-Jun-2026 10:24:44 UTC]   Automatic plugin updates complete.
[11-Jun-2026 10:24:46 UTC]   Automatic theme updates starting...
[11-Jun-2026 10:24:46 UTC]   Automatic theme updates complete.
[11-Jun-2026 10:24:46 UTC] Automatic updates complete.
[12-Jun-2026 06:12:04 UTC] Automatic updates starting...
[12-Jun-2026 06:12:07 UTC]   Automatic plugin updates starting...
[12-Jun-2026 06:12:07 UTC]   Automatic plugin updates complete.
[12-Jun-2026 06:12:09 UTC]   Automatic theme updates starting...
[12-Jun-2026 06:12:09 UTC]   Automatic theme updates complete.
[12-Jun-2026 06:12:09 UTC] Automatic updates complete.
[12-Jun-2026 12:25:12 UTC] Automatic updates starting...
[12-Jun-2026 12:25:13 UTC]   Automatic plugin updates starting...
[12-Jun-2026 12:25:13 UTC]   Automatic plugin updates complete.
[12-Jun-2026 12:25:15 UTC]   Automatic theme updates starting...
[12-Jun-2026 12:25:15 UTC]   Automatic theme updates complete.
[12-Jun-2026 12:25:15 UTC] Automatic updates complete.
[15-Jun-2026 05:48:58 UTC] Automatic updates starting...
[15-Jun-2026 05:49:00 UTC]   Automatic plugin updates starting...
[15-Jun-2026 05:49:00 UTC]   Automatic plugin updates complete.
[15-Jun-2026 05:49:01 UTC]   Automatic theme updates starting...
[15-Jun-2026 05:49:01 UTC]   Automatic theme updates complete.
[15-Jun-2026 05:49:01 UTC] Automatic updates complete.
[16-Jun-2026 07:09:57 UTC] Automatic updates starting...
[16-Jun-2026 07:09:59 UTC]   Automatic plugin updates starting...
[16-Jun-2026 07:09:59 UTC]   Automatic plugin updates complete.
[16-Jun-2026 07:10:00 UTC]   Automatic theme updates starting...
[16-Jun-2026 07:10:00 UTC]   Automatic theme updates complete.
[16-Jun-2026 07:10:00 UTC] Automatic updates complete.
[16-Jun-2026 12:11:37 UTC] Automatic updates starting...
[16-Jun-2026 12:11:39 UTC]   Automatic plugin updates starting...
[16-Jun-2026 12:11:39 UTC]   Automatic plugin updates complete.
[16-Jun-2026 12:11:40 UTC]   Automatic theme updates starting...
[16-Jun-2026 12:11:40 UTC]   Automatic theme updates complete.
[16-Jun-2026 12:11:40 UTC] Automatic updates complete.
[17-Jun-2026 04:54:52 UTC] Automatic updates starting...
[17-Jun-2026 04:54:55 UTC]   Automatic plugin updates starting...
[17-Jun-2026 04:54:55 UTC]   Automatic plugin updates complete.
[17-Jun-2026 04:54:56 UTC]   Automatic theme updates starting...
[17-Jun-2026 04:54:56 UTC]   Automatic theme updates complete.
[17-Jun-2026 04:54:56 UTC] Automatic updates complete.
[17-Jun-2026 12:01:42 UTC] Automatic updates starting...
[17-Jun-2026 12:01:43 UTC]   Automatic plugin updates starting...
[17-Jun-2026 12:01:43 UTC]   Automatic plugin updates complete.
[17-Jun-2026 12:01:44 UTC]   Automatic theme updates starting...
[17-Jun-2026 12:01:44 UTC]   Automatic theme updates complete.
[17-Jun-2026 12:01:44 UTC] Automatic updates complete.
[22-Jun-2026 05:10:05 UTC] PHP Warning:  mysqli_real_connect(): (HY000/1045): Access denied for user 'root'@'localhost' (using password: YES) in C:\xampp\htdocs\inclen_live\admin\wp-includes\class-wpdb.php on line 1988
[22-Jun-2026 05:12:52 UTC] PHP Warning:  mysqli_real_connect(): (HY000/1045): Access denied for user 'root'@'localhost' (using password: YES) in C:\xampp\htdocs\inclen_live\admin\wp-includes\class-wpdb.php on line 1988
[22-Jun-2026 05:13:05 UTC] PHP Warning:  mysqli_real_connect(): (HY000/1045): Access denied for user 'root'@'localhost' (using password: YES) in C:\xampp\htdocs\inclen_live\admin\wp-includes\class-wpdb.php on line 1988
[22-Jun-2026 05:18:38 UTC] PHP Warning:  mysqli_real_connect(): (HY000/1045): Access denied for user 'root'@'localhost' (using password: YES) in C:\xampp\htdocs\inclen_live\admin\wp-includes\class-wpdb.php on line 1988
[22-Jun-2026 05:18:40 UTC] PHP Warning:  mysqli_real_connect(): (HY000/1045): Access denied for user 'root'@'localhost' (using password: YES) in C:\xampp\htdocs\inclen_live\admin\wp-includes\class-wpdb.php on line 1988
[22-Jun-2026 05:18:40 UTC] PHP Warning:  mysqli_real_connect(): (HY000/1045): Access denied for user 'root'@'localhost' (using password: YES) in C:\xampp\htdocs\inclen_live\admin\wp-includes\class-wpdb.php on line 1988
[22-Jun-2026 05:18:41 UTC] PHP Warning:  mysqli_real_connect(): (HY000/1045): Access denied for user 'root'@'localhost' (using password: YES) in C:\xampp\htdocs\inclen_live\admin\wp-includes\class-wpdb.php on line 1988
[22-Jun-2026 05:18:41 UTC] PHP Warning:  mysqli_real_connect(): (HY000/1045): Access denied for user 'root'@'localhost' (using password: YES) in C:\xampp\htdocs\inclen_live\admin\wp-includes\class-wpdb.php on line 1988
[22-Jun-2026 05:18:41 UTC] PHP Warning:  mysqli_real_connect(): (HY000/1045): Access denied for user 'root'@'localhost' (using password: YES) in C:\xampp\htdocs\inclen_live\admin\wp-includes\class-wpdb.php on line 1988
[22-Jun-2026 12:02:07 UTC] Automatic updates starting...
[22-Jun-2026 12:02:08 UTC]   Automatic plugin updates starting...
[22-Jun-2026 12:02:08 UTC]   Automatic plugin updates complete.
[22-Jun-2026 12:02:09 UTC]   Automatic theme updates starting...
[22-Jun-2026 12:02:09 UTC]   Automatic theme updates complete.
[22-Jun-2026 12:02:09 UTC] Automatic updates complete.
[23-Jun-2026 12:47:07 UTC] Automatic updates starting...
[23-Jun-2026 12:47:09 UTC]   Automatic plugin updates starting...
[23-Jun-2026 12:47:09 UTC]   Automatic plugin updates complete.
[23-Jun-2026 12:47:11 UTC]   Automatic theme updates starting...
[23-Jun-2026 12:47:11 UTC]   Automatic theme updates complete.
[23-Jun-2026 12:47:11 UTC] Automatic updates complete.
[01-Jul-2026 10:17:41 UTC] PHP Warning:  mysqli_real_connect(): (HY000/1698): Access denied for user 'root'@'localhost' in /home/inclenweb/admin/admin/wp-includes/class-wpdb.php on line 1988
[01-Jul-2026 10:18:07 UTC] PHP Warning:  mysqli_real_connect(): (HY000/1698): Access denied for user 'root'@'localhost' in /home/inclenweb/admin/admin/wp-includes/class-wpdb.php on line 1988
[01-Jul-2026 10:18:14 UTC] PHP Warning:  mysqli_real_connect(): (HY000/1698): Access denied for user 'root'@'localhost' in /home/inclenweb/admin/admin/wp-includes/class-wpdb.php on line 1988
[01-Jul-2026 10:21:39 UTC] PHP Warning:  mysqli_real_connect(): (HY000/1698): Access denied for user 'root'@'localhost' in /home/inclenweb/admin/admin/wp-includes/class-wpdb.php on line 1988
[02-Jul-2026 12:04:03 UTC] Automatic updates starting...
[02-Jul-2026 12:04:04 UTC]   Automatic plugin updates starting...
[02-Jul-2026 12:04:04 UTC]   Automatic plugin updates complete.
[02-Jul-2026 12:04:05 UTC]   Automatic theme updates starting...
[02-Jul-2026 12:04:05 UTC]   Automatic theme updates complete.
[02-Jul-2026 12:04:05 UTC] Automatic updates complete.
[03-Jul-2026 00:01:39 UTC] Automatic updates starting...
[03-Jul-2026 00:01:39 UTC]   Automatic plugin updates starting...
[03-Jul-2026 00:01:39 UTC]   Automatic plugin updates complete.
[03-Jul-2026 00:01:40 UTC]   Automatic theme updates starting...
[03-Jul-2026 00:01:40 UTC]   Automatic theme updates complete.
[03-Jul-2026 00:01:40 UTC] Automatic updates complete.
[04-Jul-2026 12:03:30 UTC] Automatic updates starting...
[04-Jul-2026 12:03:31 UTC]   Automatic plugin updates starting...
[04-Jul-2026 12:03:31 UTC]   Automatic plugin updates complete.
[04-Jul-2026 12:03:31 UTC]   Automatic theme updates starting...
[04-Jul-2026 12:03:31 UTC]   Automatic theme updates complete.
[04-Jul-2026 12:03:31 UTC] Automatic updates complete.
[05-Jul-2026 00:09:17 UTC] Automatic updates starting...
[05-Jul-2026 00:09:17 UTC]   Automatic plugin updates starting...
[05-Jul-2026 00:09:17 UTC]   Automatic plugin updates complete.
[05-Jul-2026 00:09:18 UTC]   Automatic theme updates starting...
[05-Jul-2026 00:09:18 UTC]   Automatic theme updates complete.
[05-Jul-2026 00:09:18 UTC] Automatic updates complete.
[10-Jul-2026 12:01:53 UTC] Automatic updates starting...
[10-Jul-2026 12:01:53 UTC]   Automatic plugin updates starting...
[10-Jul-2026 12:01:53 UTC]   Automatic plugin updates complete.
[10-Jul-2026 12:01:54 UTC]   Automatic theme updates starting...
[10-Jul-2026 12:01:54 UTC]   Automatic theme updates complete.
[10-Jul-2026 12:01:54 UTC] Automatic updates complete.
[10-Jul-2026 12:01:54 UTC] PHP Notice:  maintenance_mode(): Could not access filesystem. in /home/inclenweb/admin/admin/wp-includes/functions.php on line 6170
[10-Jul-2026 12:33:05 UTC] PHP Notice:  _wp_delete_all_temp_backups(): Could not access filesystem. in /home/inclenweb/admin/admin/wp-includes/functions.php on line 6170
[12-Jul-2026 12:01:35 UTC] Automatic updates starting...
[12-Jul-2026 12:01:36 UTC]   Automatic plugin updates starting...
[12-Jul-2026 12:01:36 UTC]   Automatic plugin updates complete.
[12-Jul-2026 12:01:36 UTC]   Automatic theme updates starting...
[12-Jul-2026 12:01:36 UTC]   Automatic theme updates complete.
[12-Jul-2026 12:01:36 UTC] Automatic updates complete.
[13-Jul-2026 12:01:39 UTC] Automatic updates starting...
[13-Jul-2026 12:01:40 UTC]   Automatic plugin updates starting...
[13-Jul-2026 12:01:40 UTC]   Automatic plugin updates complete.
[13-Jul-2026 12:01:40 UTC]   Automatic theme updates starting...
[13-Jul-2026 12:01:40 UTC]   Automatic theme updates complete.
[13-Jul-2026 12:01:40 UTC] Automatic updates complete.
[15-Jul-2026 12:03:28 UTC] Automatic updates starting...
[15-Jul-2026 12:03:28 UTC]   Automatic plugin updates starting...
[15-Jul-2026 12:03:28 UTC]   Automatic plugin updates complete.
[15-Jul-2026 12:03:28 UTC]   Automatic theme updates starting...
[15-Jul-2026 12:03:28 UTC]   Automatic theme updates complete.
[15-Jul-2026 12:03:28 UTC] Automatic updates complete.
[17-Jul-2026 06:21:50 UTC] Automatic updates starting...
[17-Jul-2026 06:21:50 UTC]   Automatic plugin updates starting...
[17-Jul-2026 06:21:50 UTC]   Automatic plugin updates complete.
[17-Jul-2026 06:21:50 UTC]   Automatic theme updates starting...
[17-Jul-2026 06:21:50 UTC]   Automatic theme updates complete.
[17-Jul-2026 06:21:50 UTC] Automatic updates complete.
[17-Jul-2026 07:22:48 UTC] Automatic updates starting...
[17-Jul-2026 07:22:48 UTC]   Automatic plugin updates starting...
[17-Jul-2026 07:22:48 UTC]   Automatic plugin updates complete.
[17-Jul-2026 07:22:48 UTC]   Automatic theme updates starting...
[17-Jul-2026 07:22:48 UTC]   Automatic theme updates complete.
[17-Jul-2026 07:22:48 UTC] Automatic updates complete.
[17-Jul-2026 08:23:00 UTC] Automatic updates starting...
[17-Jul-2026 08:23:00 UTC]   Automatic plugin updates starting...
[17-Jul-2026 08:23:00 UTC]   Automatic plugin updates complete.
[17-Jul-2026 08:23:00 UTC]   Automatic theme updates starting...
[17-Jul-2026 08:23:00 UTC]   Automatic theme updates complete.
[17-Jul-2026 08:23:00 UTC] Automatic updates complete.
[17-Jul-2026 10:27:07 UTC] Automatic updates starting...
[17-Jul-2026 10:27:07 UTC]   Automatic plugin updates starting...
[17-Jul-2026 10:27:07 UTC]   Automatic plugin updates complete.
[17-Jul-2026 10:27:07 UTC]   Automatic theme updates starting...
[17-Jul-2026 10:27:07 UTC]   Automatic theme updates complete.
[17-Jul-2026 10:27:07 UTC] Automatic updates complete.
[17-Jul-2026 11:27:17 UTC] Automatic updates starting...
[17-Jul-2026 11:27:17 UTC]   Automatic plugin updates starting...
[17-Jul-2026 11:27:17 UTC]   Automatic plugin updates complete.
[17-Jul-2026 11:27:17 UTC]   Automatic theme updates starting...
[17-Jul-2026 11:27:17 UTC]   Automatic theme updates complete.
[17-Jul-2026 11:27:17 UTC] Automatic updates complete.
[17-Jul-2026 12:03:01 UTC] Automatic updates starting...
[17-Jul-2026 12:03:01 UTC]   Automatic plugin updates starting...
[17-Jul-2026 12:03:01 UTC]   Automatic plugin updates complete.
[17-Jul-2026 12:03:01 UTC]   Automatic theme updates starting...
[17-Jul-2026 12:03:01 UTC]   Automatic theme updates complete.
[17-Jul-2026 12:03:01 UTC] Automatic updates complete.
[17-Jul-2026 12:10:54 UTC] PHP Notice:  _wp_delete_all_temp_backups(): Could not access filesystem. in /home/inclenweb/admin/admin/wp-includes/functions.php on line 6170
[17-Jul-2026 17:26:03 UTC] Automatic updates starting...
[17-Jul-2026 17:26:03 UTC]   Automatic plugin updates starting...
[17-Jul-2026 17:26:03 UTC]   Automatic plugin updates complete.
[17-Jul-2026 17:26:03 UTC]   Automatic theme updates starting...
[17-Jul-2026 17:26:03 UTC]   Automatic theme updates complete.
[17-Jul-2026 17:26:03 UTC] Automatic updates complete.
[17-Jul-2026 18:27:23 UTC] Automatic updates starting...
[17-Jul-2026 18:27:23 UTC]   Automatic plugin updates starting...
[17-Jul-2026 18:27:23 UTC]   Automatic plugin updates complete.
[17-Jul-2026 18:27:23 UTC]   Automatic theme updates starting...
[17-Jul-2026 18:27:23 UTC]   Automatic theme updates complete.
[17-Jul-2026 18:27:23 UTC] Automatic updates complete.
[18-Jul-2026 00:04:07 UTC] Automatic updates starting...
[18-Jul-2026 00:04:07 UTC]   Automatic plugin updates starting...
[18-Jul-2026 00:04:07 UTC]   Automatic plugin updates complete.
[18-Jul-2026 00:04:08 UTC]   Automatic theme updates starting...
[18-Jul-2026 00:04:08 UTC]   Automatic theme updates complete.
[18-Jul-2026 00:04:08 UTC] Automatic updates complete.
[18-Jul-2026 00:04:08 UTC] PHP Notice:  maintenance_mode(): Could not access filesystem. in /home/inclenweb/admin/admin/wp-includes/functions.php on line 6170
[18-Jul-2026 12:01:54 UTC] Automatic updates starting...
[18-Jul-2026 12:01:55 UTC]   Automatic plugin updates starting...
[18-Jul-2026 12:01:55 UTC]   Automatic plugin updates complete.
[18-Jul-2026 12:01:55 UTC]   Automatic theme updates starting...
[18-Jul-2026 12:01:55 UTC]   Automatic theme updates complete.
[18-Jul-2026 12:01:55 UTC] Automatic updates complete.
[20-Jul-2026 12:02:08 UTC] Automatic updates starting...
[20-Jul-2026 12:02:09 UTC]   Automatic plugin updates starting...
[20-Jul-2026 12:02:09 UTC]   Automatic plugin updates complete.
[20-Jul-2026 12:02:10 UTC]   Automatic theme updates starting...
[20-Jul-2026 12:02:10 UTC]   Automatic theme updates complete.
[20-Jul-2026 12:02:10 UTC] Automatic updates complete.
[21-Jul-2026 00:12:17 UTC] Automatic updates starting...
[21-Jul-2026 00:12:18 UTC]   Automatic plugin updates starting...
[21-Jul-2026 00:12:18 UTC]   Automatic plugin updates complete.
[21-Jul-2026 00:12:18 UTC]   Automatic theme updates starting...
[21-Jul-2026 00:12:18 UTC]   Automatic theme updates complete.
[21-Jul-2026 00:12:18 UTC] Automatic updates complete.
[21-Jul-2026 12:11:23 UTC] Automatic updates starting...
[21-Jul-2026 12:11:23 UTC]   Automatic plugin updates starting...
[21-Jul-2026 12:11:23 UTC]   Automatic plugin updates complete.
[21-Jul-2026 12:11:24 UTC]   Automatic theme updates starting...
[21-Jul-2026 12:11:24 UTC]   Automatic theme updates complete.
[21-Jul-2026 12:11:24 UTC] Automatic updates complete.
[22-Jul-2026 00:05:41 UTC] Automatic updates starting...
[22-Jul-2026 00:05:42 UTC]   Automatic plugin updates starting...
[22-Jul-2026 00:05:42 UTC]   Automatic plugin updates complete.
[22-Jul-2026 00:05:43 UTC]   Automatic theme updates starting...
[22-Jul-2026 00:05:43 UTC]   Automatic theme updates complete.
[22-Jul-2026 00:05:43 UTC] Automatic updates complete.
[22-Jul-2026 03:06:52 UTC] Cron reschedule event error for hook: wp_privacy_delete_old_export_files, Error code: could_not_set, Error message: The cron event list could not be saved., Data: {"schedule":"hourly","args":[],"interval":3600}
[22-Jul-2026 03:06:52 UTC] Cron unschedule event error for hook: wp_privacy_delete_old_export_files, Error code: could_not_set, Error message: The cron event list could not be saved., Data: {"schedule":"hourly","args":[],"interval":3600}
[22-Jul-2026 12:12:13 UTC] Automatic updates starting...
[22-Jul-2026 12:12:13 UTC]   Automatic plugin updates starting...
[22-Jul-2026 12:12:13 UTC]   Automatic plugin updates complete.
[22-Jul-2026 12:12:14 UTC]   Automatic theme updates starting...
[22-Jul-2026 12:12:14 UTC]   Automatic theme updates complete.
[22-Jul-2026 12:12:14 UTC] Automatic updates complete.
[23-Jul-2026 00:07:00 UTC] Automatic updates starting...
[23-Jul-2026 00:07:01 UTC]   Automatic plugin updates starting...
[23-Jul-2026 00:07:01 UTC]   Automatic plugin updates complete.
[23-Jul-2026 00:07:02 UTC]   Automatic theme updates starting...
[23-Jul-2026 00:07:02 UTC]   Automatic theme updates complete.
[23-Jul-2026 00:07:02 UTC] Automatic updates complete.
[23-Jul-2026 12:36:29 UTC] Automatic updates starting...
[23-Jul-2026 12:36:30 UTC]   Automatic plugin updates starting...
[23-Jul-2026 12:36:30 UTC]   Automatic plugin updates complete.
[23-Jul-2026 12:36:30 UTC]   Automatic theme updates starting...
[23-Jul-2026 12:36:30 UTC]   Automatic theme updates complete.
[23-Jul-2026 12:36:30 UTC] Automatic updates complete.
[24-Jul-2026 02:35:21 UTC] Automatic updates starting...
[24-Jul-2026 02:35:21 UTC]   Automatic plugin updates starting...
[24-Jul-2026 02:35:21 UTC]   Automatic plugin updates complete.
[24-Jul-2026 02:35:22 UTC]   Automatic theme updates starting...
[24-Jul-2026 02:35:22 UTC]   Automatic theme updates complete.
[24-Jul-2026 02:35:22 UTC] Automatic updates complete.
[24-Jul-2026 12:13:15 UTC] Automatic updates starting...
[24-Jul-2026 12:13:15 UTC]   Automatic plugin updates starting...
[24-Jul-2026 12:13:15 UTC]   Automatic plugin updates complete.
[24-Jul-2026 12:13:16 UTC]   Automatic theme updates starting...
[24-Jul-2026 12:13:16 UTC]   Automatic theme updates complete.
[24-Jul-2026 12:13:16 UTC] Automatic updates complete.
[24-Jul-2026 12:13:17 UTC] PHP Notice:  _wp_delete_all_temp_backups(): Could not access filesystem. in /home/inclenweb/admin/admin/wp-includes/functions.php on line 6170
[25-Jul-2026 00:15:29 UTC] Automatic updates starting...
[25-Jul-2026 00:15:29 UTC]   Automatic plugin updates starting...
[25-Jul-2026 00:15:29 UTC]   Automatic plugin updates complete.
[25-Jul-2026 00:15:30 UTC]   Automatic theme updates starting...
[25-Jul-2026 00:15:30 UTC]   Automatic theme updates complete.
[25-Jul-2026 00:15:30 UTC] Automatic updates complete.
[25-Jul-2026 12:02:27 UTC] Automatic updates starting...
[25-Jul-2026 12:02:27 UTC]   Automatic plugin updates starting...
[25-Jul-2026 12:02:27 UTC]   Automatic plugin updates complete.
[25-Jul-2026 12:02:28 UTC]   Automatic theme updates starting...
[25-Jul-2026 12:02:28 UTC]   Automatic theme updates complete.
[25-Jul-2026 12:02:28 UTC] Automatic updates complete.
[26-Jul-2026 00:24:22 UTC] Automatic updates starting...
[26-Jul-2026 00:24:23 UTC]   Automatic plugin updates starting...
[26-Jul-2026 00:24:23 UTC]   Automatic plugin updates complete.
[26-Jul-2026 00:24:23 UTC]   Automatic theme updates starting...
[26-Jul-2026 00:24:23 UTC]   Automatic theme updates complete.
[26-Jul-2026 00:24:23 UTC] Automatic updates complete.
[26-Jul-2026 12:07:41 UTC] Automatic updates starting...
[26-Jul-2026 12:07:41 UTC]   Automatic plugin updates starting...
[26-Jul-2026 12:07:41 UTC]   Automatic plugin updates complete.
[26-Jul-2026 12:07:42 UTC]   Automatic theme updates starting...
[26-Jul-2026 12:07:42 UTC]   Automatic theme updates complete.
[26-Jul-2026 12:07:42 UTC] Automatic updates complete.
[27-Jul-2026 01:14:20 UTC] Automatic updates starting...
[27-Jul-2026 01:14:20 UTC]   Automatic plugin updates starting...
[27-Jul-2026 01:14:20 UTC]   Automatic plugin updates complete.
[27-Jul-2026 01:14:21 UTC]   Automatic theme updates starting...
[27-Jul-2026 01:14:21 UTC]   Automatic theme updates complete.
[27-Jul-2026 01:14:21 UTC] Automatic updates complete.
[27-Jul-2026 12:02:10 UTC] Automatic updates starting...
[27-Jul-2026 12:02:10 UTC]   Automatic plugin updates starting...
[27-Jul-2026 12:02:10 UTC]   Automatic plugin updates complete.
[27-Jul-2026 12:02:11 UTC]   Automatic theme updates starting...
[27-Jul-2026 12:02:11 UTC]   Automatic theme updates complete.
[27-Jul-2026 12:02:11 UTC] Automatic updates complete.
[28-Jul-2026 00:25:39 UTC] Automatic updates starting...
[28-Jul-2026 00:25:39 UTC]   Automatic plugin updates starting...
[28-Jul-2026 00:25:39 UTC]   Automatic plugin updates complete.
[28-Jul-2026 00:25:40 UTC]   Automatic theme updates starting...
[28-Jul-2026 00:25:40 UTC]   Automatic theme updates complete.
[28-Jul-2026 00:25:40 UTC] Automatic updates complete.
[28-Jul-2026 02:06:41 UTC] Automatic updates starting...
[28-Jul-2026 02:06:41 UTC]   Automatic plugin updates starting...
[28-Jul-2026 02:06:41 UTC]   Automatic plugin updates complete.
[28-Jul-2026 02:06:41 UTC]   Automatic theme updates starting...
[28-Jul-2026 02:06:41 UTC]   Automatic theme updates complete.
[28-Jul-2026 02:06:41 UTC] Automatic updates complete.
[28-Jul-2026 03:17:42 UTC] Automatic updates starting...
[28-Jul-2026 03:17:42 UTC]   Automatic plugin updates starting...
[28-Jul-2026 03:17:42 UTC]   Automatic plugin updates complete.
[28-Jul-2026 03:17:42 UTC]   Automatic theme updates starting...
[28-Jul-2026 03:17:42 UTC]   Automatic theme updates complete.
[28-Jul-2026 03:17:42 UTC] Automatic updates complete.
[28-Jul-2026 04:02:15 UTC] Cron reschedule event error for hook: wp_privacy_delete_old_export_files, Error code: could_not_set, Error message: The cron event list could not be saved., Data: {"schedule":"hourly","args":[],"interval":3600}
[28-Jul-2026 04:43:45 UTC] Automatic updates starting...
[28-Jul-2026 04:43:45 UTC]   Automatic plugin updates starting...
[28-Jul-2026 04:43:45 UTC]   Automatic plugin updates complete.
[28-Jul-2026 04:43:45 UTC]   Automatic theme updates starting...
[28-Jul-2026 04:43:45 UTC]   Automatic theme updates complete.
[28-Jul-2026 04:43:45 UTC] Automatic updates complete.
[28-Jul-2026 05:46:23 UTC] Automatic updates starting...
[28-Jul-2026 05:46:23 UTC]   Automatic plugin updates starting...
[28-Jul-2026 05:46:23 UTC]   Automatic plugin updates complete.
[28-Jul-2026 05:46:23 UTC]   Automatic theme updates starting...
[28-Jul-2026 05:46:23 UTC]   Automatic theme updates complete.
[28-Jul-2026 05:46:23 UTC] Automatic updates complete.
[28-Jul-2026 06:47:48 UTC] Cron unschedule event error for hook: wp_version_check, Error code: could_not_set, Error message: The cron event list could not be saved., Data: {"schedule":false,"args":[]}
[28-Jul-2026 06:47:48 UTC] Automatic updates starting...
[28-Jul-2026 06:47:48 UTC]   Automatic plugin updates starting...
[28-Jul-2026 06:47:48 UTC]   Automatic plugin updates complete.
[28-Jul-2026 06:47:48 UTC]   Automatic theme updates starting...
[28-Jul-2026 06:47:48 UTC]   Automatic theme updates complete.
[28-Jul-2026 06:47:48 UTC] Automatic updates complete.
[28-Jul-2026 08:21:46 UTC] Automatic updates starting...
[28-Jul-2026 08:21:46 UTC]   Automatic plugin updates starting...
[28-Jul-2026 08:21:46 UTC]   Automatic plugin updates complete.
[28-Jul-2026 08:21:46 UTC]   Automatic theme updates starting...
[28-Jul-2026 08:21:46 UTC]   Automatic theme updates complete.
[28-Jul-2026 08:21:46 UTC] Automatic updates complete.
[28-Jul-2026 09:26:38 UTC] Automatic updates starting...
[28-Jul-2026 09:26:38 UTC]   Automatic plugin updates starting...
[28-Jul-2026 09:26:38 UTC]   Automatic plugin updates complete.
[28-Jul-2026 09:26:38 UTC]   Automatic theme updates starting...
[28-Jul-2026 09:26:38 UTC]   Automatic theme updates complete.
[28-Jul-2026 09:26:38 UTC] Automatic updates complete.
[28-Jul-2026 10:48:48 UTC] Automatic updates starting...
[28-Jul-2026 10:48:48 UTC]   Automatic plugin updates starting...
[28-Jul-2026 10:48:48 UTC]   Automatic plugin updates complete.
[28-Jul-2026 10:48:48 UTC]   Automatic theme updates starting...
[28-Jul-2026 10:48:48 UTC]   Automatic theme updates complete.
[28-Jul-2026 10:48:48 UTC] Automatic updates complete.
[28-Jul-2026 11:56:27 UTC] Automatic updates starting...
[28-Jul-2026 11:56:27 UTC]   Automatic plugin updates starting...
[28-Jul-2026 11:56:27 UTC]   Automatic plugin updates complete.
[28-Jul-2026 11:56:27 UTC]   Automatic theme updates starting...
[28-Jul-2026 11:56:27 UTC]   Automatic theme updates complete.
[28-Jul-2026 11:56:27 UTC] Automatic updates complete.
[28-Jul-2026 12:25:57 UTC] Automatic updates starting...
[28-Jul-2026 12:25:57 UTC]   Automatic plugin updates starting...
[28-Jul-2026 12:25:57 UTC]   Automatic plugin updates complete.
[28-Jul-2026 12:25:57 UTC]   Automatic theme updates starting...
[28-Jul-2026 12:25:57 UTC]   Automatic theme updates complete.
[28-Jul-2026 12:25:57 UTC] Automatic updates complete.
[28-Jul-2026 13:31:31 UTC] Automatic updates starting...
[28-Jul-2026 13:31:31 UTC]   Automatic plugin updates starting...
[28-Jul-2026 13:31:31 UTC]   Automatic plugin updates complete.
[28-Jul-2026 13:31:31 UTC]   Automatic theme updates starting...
[28-Jul-2026 13:31:31 UTC]   Automatic theme updates complete.
[28-Jul-2026 13:31:31 UTC] Automatic updates complete.
[28-Jul-2026 15:01:20 UTC] Automatic updates starting...
[28-Jul-2026 15:01:20 UTC]   Automatic plugin updates starting...
[28-Jul-2026 15:01:20 UTC]   Automatic plugin updates complete.
[28-Jul-2026 15:01:20 UTC]   Automatic theme updates starting...
[28-Jul-2026 15:01:20 UTC]   Automatic theme updates complete.
[28-Jul-2026 15:01:20 UTC] Automatic updates complete.
[28-Jul-2026 16:05:18 UTC] Automatic updates starting...
[28-Jul-2026 16:05:18 UTC]   Automatic plugin updates starting...
[28-Jul-2026 16:05:18 UTC]   Automatic plugin updates complete.
[28-Jul-2026 16:05:18 UTC]   Automatic theme updates starting...
[28-Jul-2026 16:05:18 UTC]   Automatic theme updates complete.
[28-Jul-2026 16:05:18 UTC] Automatic updates complete.
[28-Jul-2026 17:19:31 UTC] Automatic updates starting...
[28-Jul-2026 17:19:31 UTC]   Automatic plugin updates starting...
[28-Jul-2026 17:19:31 UTC]   Automatic plugin updates complete.
[28-Jul-2026 17:19:31 UTC]   Automatic theme updates starting...
[28-Jul-2026 17:19:31 UTC]   Automatic theme updates complete.
[28-Jul-2026 17:19:31 UTC] Automatic updates complete.
[28-Jul-2026 18:33:18 UTC] Automatic updates starting...
[28-Jul-2026 18:33:18 UTC]   Automatic plugin updates starting...
[28-Jul-2026 18:33:18 UTC]   Automatic plugin updates complete.
[28-Jul-2026 18:33:18 UTC]   Automatic theme updates starting...
[28-Jul-2026 18:33:18 UTC]   Automatic theme updates complete.
[28-Jul-2026 18:33:18 UTC] Automatic updates complete.
[28-Jul-2026 19:37:41 UTC] Automatic updates starting...
[28-Jul-2026 19:37:41 UTC]   Automatic plugin updates starting...
[28-Jul-2026 19:37:41 UTC]   Automatic plugin updates complete.
[28-Jul-2026 19:37:41 UTC]   Automatic theme updates starting...
[28-Jul-2026 19:37:41 UTC]   Automatic theme updates complete.
[28-Jul-2026 19:37:41 UTC] Automatic updates complete.
[28-Jul-2026 20:49:07 UTC] Automatic updates starting...
[28-Jul-2026 20:49:07 UTC]   Automatic plugin updates starting...
[28-Jul-2026 20:49:07 UTC]   Automatic plugin updates complete.
[28-Jul-2026 20:49:07 UTC]   Automatic theme updates starting...
[28-Jul-2026 20:49:07 UTC]   Automatic theme updates complete.
[28-Jul-2026 20:49:07 UTC] Automatic updates complete.
[28-Jul-2026 21:49:12 UTC] Automatic updates starting...
[28-Jul-2026 21:49:12 UTC]   Automatic plugin updates starting...
[28-Jul-2026 21:49:12 UTC]   Automatic plugin updates complete.
[28-Jul-2026 21:49:12 UTC]   Automatic theme updates starting...
[28-Jul-2026 21:49:12 UTC]   Automatic theme updates complete.
[28-Jul-2026 21:49:12 UTC] Automatic updates complete.
[28-Jul-2026 22:52:28 UTC] Automatic updates starting...
[28-Jul-2026 22:52:28 UTC]   Automatic plugin updates starting...
[28-Jul-2026 22:52:28 UTC]   Automatic plugin updates complete.
[28-Jul-2026 22:52:28 UTC]   Automatic theme updates starting...
[28-Jul-2026 22:52:28 UTC]   Automatic theme updates complete.
[28-Jul-2026 22:52:28 UTC] Automatic updates complete.
[29-Jul-2026 00:02:11 UTC] Automatic updates starting...
[29-Jul-2026 00:02:11 UTC]   Automatic plugin updates starting...
[29-Jul-2026 00:02:11 UTC]   Automatic plugin updates complete.
[29-Jul-2026 00:02:11 UTC]   Automatic theme updates starting...
[29-Jul-2026 00:02:11 UTC]   Automatic theme updates complete.
[29-Jul-2026 00:02:11 UTC] Automatic updates complete.
[29-Jul-2026 01:30:02 UTC] Automatic updates starting...
[29-Jul-2026 01:30:02 UTC]   Automatic plugin updates starting...
[29-Jul-2026 01:30:02 UTC]   Automatic plugin updates complete.
[29-Jul-2026 01:30:02 UTC]   Automatic theme updates starting...
[29-Jul-2026 01:30:02 UTC]   Automatic theme updates complete.
[29-Jul-2026 01:30:02 UTC] Automatic updates complete.
[29-Jul-2026 02:57:21 UTC] Automatic updates starting...
[29-Jul-2026 02:57:21 UTC]   Automatic plugin updates starting...
[29-Jul-2026 02:57:21 UTC]   Automatic plugin updates complete.
[29-Jul-2026 02:57:21 UTC]   Automatic theme updates starting...
[29-Jul-2026 02:57:21 UTC]   Automatic theme updates complete.
[29-Jul-2026 02:57:21 UTC] Automatic updates complete.
[29-Jul-2026 04:03:59 UTC] Automatic updates starting...
[29-Jul-2026 04:03:59 UTC]   Automatic plugin updates starting...
[29-Jul-2026 04:03:59 UTC]   Automatic plugin updates complete.
[29-Jul-2026 04:03:59 UTC]   Automatic theme updates starting...
[29-Jul-2026 04:03:59 UTC]   Automatic theme updates complete.
[29-Jul-2026 04:03:59 UTC] Automatic updates complete.
[29-Jul-2026 05:12:41 UTC] Automatic updates starting...
[29-Jul-2026 05:12:41 UTC]   Automatic plugin updates starting...
[29-Jul-2026 05:12:41 UTC]   Automatic plugin updates complete.
[29-Jul-2026 05:12:41 UTC]   Automatic theme updates starting...
[29-Jul-2026 05:12:41 UTC]   Automatic theme updates complete.
[29-Jul-2026 05:12:41 UTC] Automatic updates complete.
[29-Jul-2026 06:19:18 UTC] Automatic updates starting...
[29-Jul-2026 06:19:18 UTC]   Automatic plugin updates starting...
[29-Jul-2026 06:19:18 UTC]   Automatic plugin updates complete.
[29-Jul-2026 06:19:18 UTC]   Automatic theme updates starting...
[29-Jul-2026 06:19:18 UTC]   Automatic theme updates complete.
[29-Jul-2026 06:19:18 UTC] Automatic updates complete.
[29-Jul-2026 07:26:15 UTC] Automatic updates starting...
[29-Jul-2026 07:26:15 UTC]   Automatic plugin updates starting...
[29-Jul-2026 07:26:15 UTC]   Automatic plugin updates complete.
[29-Jul-2026 07:26:15 UTC]   Automatic theme updates starting...
[29-Jul-2026 07:26:15 UTC]   Automatic theme updates complete.
[29-Jul-2026 07:26:15 UTC] Automatic updates complete.
[29-Jul-2026 08:11:25 UTC] Cron reschedule event error for hook: wp_privacy_delete_old_export_files, Error code: could_not_set, Error message: The cron event list could not be saved., Data: {"schedule":"hourly","args":[],"interval":3600}
[29-Jul-2026 08:11:25 UTC] Cron unschedule event error for hook: wp_privacy_delete_old_export_files, Error code: could_not_set, Error message: The cron event list could not be saved., Data: {"schedule":"hourly","args":[],"interval":3600}
[29-Jul-2026 08:40:15 UTC] Automatic updates starting...
[29-Jul-2026 08:40:15 UTC]   Automatic plugin updates starting...
[29-Jul-2026 08:40:15 UTC]   Automatic plugin updates complete.
[29-Jul-2026 08:40:15 UTC]   Automatic theme updates starting...
[29-Jul-2026 08:40:15 UTC]   Automatic theme updates complete.
[29-Jul-2026 08:40:15 UTC] Automatic updates complete.
[29-Jul-2026 09:40:52 UTC] Cron unschedule event error for hook: wp_version_check, Error code: could_not_set, Error message: The cron event list could not be saved., Data: {"schedule":false,"args":[]}
[29-Jul-2026 09:40:52 UTC] Automatic updates starting...
[29-Jul-2026 09:40:52 UTC]   Automatic plugin updates starting...
[29-Jul-2026 09:40:52 UTC]   Automatic plugin updates complete.
[29-Jul-2026 09:40:52 UTC]   Automatic theme updates starting...
[29-Jul-2026 09:40:52 UTC]   Automatic theme updates complete.
[29-Jul-2026 09:40:52 UTC] Automatic updates complete.
[29-Jul-2026 11:02:39 UTC] Automatic updates starting...
[29-Jul-2026 11:02:39 UTC]   Automatic plugin updates starting...
[29-Jul-2026 11:02:39 UTC]   Automatic plugin updates complete.
[29-Jul-2026 11:02:39 UTC]   Automatic theme updates starting...
[29-Jul-2026 11:02:39 UTC]   Automatic theme updates complete.
[29-Jul-2026 11:02:39 UTC] Automatic updates complete.
[29-Jul-2026 12:23:34 UTC] Automatic updates starting...
[29-Jul-2026 12:23:34 UTC]   Automatic plugin updates starting...
[29-Jul-2026 12:23:34 UTC]   Automatic plugin updates complete.
[29-Jul-2026 12:23:34 UTC]   Automatic theme updates starting...
[29-Jul-2026 12:23:34 UTC]   Automatic theme updates complete.
[29-Jul-2026 12:23:34 UTC] Automatic updates complete.
[29-Jul-2026 13:26:46 UTC] Automatic updates starting...
[29-Jul-2026 13:26:46 UTC]   Automatic plugin updates starting...
[29-Jul-2026 13:26:46 UTC]   Automatic plugin updates complete.
[29-Jul-2026 13:26:46 UTC]   Automatic theme updates starting...
[29-Jul-2026 13:26:46 UTC]   Automatic theme updates complete.
[29-Jul-2026 13:26:46 UTC] Automatic updates complete.
[29-Jul-2026 14:42:52 UTC] Automatic updates starting...
[29-Jul-2026 14:42:52 UTC]   Automatic plugin updates starting...
[29-Jul-2026 14:42:52 UTC]   Automatic plugin updates complete.
[29-Jul-2026 14:42:52 UTC]   Automatic theme updates starting...
[29-Jul-2026 14:42:52 UTC]   Automatic theme updates complete.
[29-Jul-2026 14:42:52 UTC] Automatic updates complete.
[29-Jul-2026 15:46:50 UTC] Automatic updates starting...
[29-Jul-2026 15:46:50 UTC]   Automatic plugin updates starting...
[29-Jul-2026 15:46:50 UTC]   Automatic plugin updates complete.
[29-Jul-2026 15:46:50 UTC]   Automatic theme updates starting...
[29-Jul-2026 15:46:50 UTC]   Automatic theme updates complete.
[29-Jul-2026 15:46:50 UTC] Automatic updates complete.
[29-Jul-2026 16:56:19 UTC] Automatic updates starting...
[29-Jul-2026 16:56:19 UTC]   Automatic plugin updates starting...
[29-Jul-2026 16:56:19 UTC]   Automatic plugin updates complete.
[29-Jul-2026 16:56:19 UTC]   Automatic theme updates starting...
[29-Jul-2026 16:56:19 UTC]   Automatic theme updates complete.
[29-Jul-2026 16:56:19 UTC] Automatic updates complete.
[29-Jul-2026 18:16:12 UTC] Automatic updates starting...
[29-Jul-2026 18:16:12 UTC]   Automatic plugin updates starting...
[29-Jul-2026 18:16:12 UTC]   Automatic plugin updates complete.
[29-Jul-2026 18:16:12 UTC]   Automatic theme updates starting...
[29-Jul-2026 18:16:12 UTC]   Automatic theme updates complete.
[29-Jul-2026 18:16:12 UTC] Automatic updates complete.
[29-Jul-2026 19:29:55 UTC] Automatic updates starting...
[29-Jul-2026 19:29:55 UTC]   Automatic plugin updates starting...
[29-Jul-2026 19:29:55 UTC]   Automatic plugin updates complete.
[29-Jul-2026 19:29:55 UTC]   Automatic theme updates starting...
[29-Jul-2026 19:29:55 UTC]   Automatic theme updates complete.
[29-Jul-2026 19:29:55 UTC] Automatic updates complete.
[29-Jul-2026 20:45:38 UTC] Automatic updates starting...
[29-Jul-2026 20:45:38 UTC]   Automatic plugin updates starting...
[29-Jul-2026 20:45:38 UTC]   Automatic plugin updates complete.
[29-Jul-2026 20:45:38 UTC]   Automatic theme updates starting...
[29-Jul-2026 20:45:38 UTC]   Automatic theme updates complete.
[29-Jul-2026 20:45:38 UTC] Automatic updates complete.
[29-Jul-2026 22:11:43 UTC] Automatic updates starting...
[29-Jul-2026 22:11:43 UTC]   Automatic plugin updates starting...
[29-Jul-2026 22:11:43 UTC]   Automatic plugin updates complete.
[29-Jul-2026 22:11:43 UTC]   Automatic theme updates starting...
[29-Jul-2026 22:11:43 UTC]   Automatic theme updates complete.
[29-Jul-2026 22:11:43 UTC] Automatic updates complete.
[29-Jul-2026 23:19:44 UTC] Automatic updates starting...
[29-Jul-2026 23:19:44 UTC]   Automatic plugin updates starting...
[29-Jul-2026 23:19:44 UTC]   Automatic plugin updates complete.
[29-Jul-2026 23:19:44 UTC]   Automatic theme updates starting...
[29-Jul-2026 23:19:44 UTC]   Automatic theme updates complete.
[29-Jul-2026 23:19:44 UTC] Automatic updates complete.
[30-Jul-2026 01:03:09 UTC] Automatic updates starting...
[30-Jul-2026 01:03:09 UTC]   Automatic plugin updates starting...
[30-Jul-2026 01:03:09 UTC]   Automatic plugin updates complete.
[30-Jul-2026 01:03:09 UTC]   Automatic theme updates starting...
[30-Jul-2026 01:03:09 UTC]   Automatic theme updates complete.
[30-Jul-2026 01:03:09 UTC] Automatic updates complete.
[30-Jul-2026 02:21:07 UTC] Automatic updates starting...
[30-Jul-2026 02:21:07 UTC]   Automatic plugin updates starting...
[30-Jul-2026 02:21:07 UTC]   Automatic plugin updates complete.
[30-Jul-2026 02:21:07 UTC]   Automatic theme updates starting...
[30-Jul-2026 02:21:07 UTC]   Automatic theme updates complete.
[30-Jul-2026 02:21:07 UTC] Automatic updates complete.
[30-Jul-2026 03:28:13 UTC] Automatic updates starting...
[30-Jul-2026 03:28:13 UTC]   Automatic plugin updates starting...
[30-Jul-2026 03:28:13 UTC]   Automatic plugin updates complete.
[30-Jul-2026 03:28:13 UTC]   Automatic theme updates starting...
[30-Jul-2026 03:28:13 UTC]   Automatic theme updates complete.
[30-Jul-2026 03:28:13 UTC] Automatic updates complete.
[30-Jul-2026 04:29:09 UTC] Automatic updates starting...
[30-Jul-2026 04:29:09 UTC]   Automatic plugin updates starting...
[30-Jul-2026 04:29:09 UTC]   Automatic plugin updates complete.
[30-Jul-2026 04:29:09 UTC]   Automatic theme updates starting...
[30-Jul-2026 04:29:09 UTC]   Automatic theme updates complete.
[30-Jul-2026 04:29:09 UTC] Automatic updates complete.
[30-Jul-2026 05:52:20 UTC] Automatic updates starting...
[30-Jul-2026 05:52:20 UTC]   Automatic plugin updates starting...
[30-Jul-2026 05:52:20 UTC]   Automatic plugin updates complete.
[30-Jul-2026 05:52:20 UTC]   Automatic theme updates starting...
[30-Jul-2026 05:52:20 UTC]   Automatic theme updates complete.
[30-Jul-2026 05:52:20 UTC] Automatic updates complete.
[30-Jul-2026 06:53:37 UTC] Automatic updates starting...
[30-Jul-2026 06:53:37 UTC]   Automatic plugin updates starting...
[30-Jul-2026 06:53:37 UTC]   Automatic plugin updates complete.
[30-Jul-2026 06:53:37 UTC]   Automatic theme updates starting...
[30-Jul-2026 06:53:37 UTC]   Automatic theme updates complete.
[30-Jul-2026 06:53:37 UTC] Automatic updates complete.
[30-Jul-2026 08:19:03 UTC] Automatic updates starting...
[30-Jul-2026 08:19:03 UTC]   Automatic plugin updates starting...
[30-Jul-2026 08:19:03 UTC]   Automatic plugin updates complete.
[30-Jul-2026 08:19:03 UTC]   Automatic theme updates starting...
[30-Jul-2026 08:19:03 UTC]   Automatic theme updates complete.
[30-Jul-2026 08:19:03 UTC] Automatic updates complete.
[30-Jul-2026 09:20:47 UTC] Automatic updates starting...
[30-Jul-2026 09:20:47 UTC]   Automatic plugin updates starting...
[30-Jul-2026 09:20:47 UTC]   Automatic plugin updates complete.
[30-Jul-2026 09:20:47 UTC]   Automatic theme updates starting...
[30-Jul-2026 09:20:47 UTC]   Automatic theme updates complete.
[30-Jul-2026 09:20:47 UTC] Automatic updates complete.
[30-Jul-2026 10:53:34 UTC] Automatic updates starting...
[30-Jul-2026 10:53:34 UTC]   Automatic plugin updates starting...
[30-Jul-2026 10:53:34 UTC]   Automatic plugin updates complete.
[30-Jul-2026 10:53:34 UTC]   Automatic theme updates starting...
[30-Jul-2026 10:53:34 UTC]   Automatic theme updates complete.
[30-Jul-2026 10:53:34 UTC] Automatic updates complete.
[30-Jul-2026 12:03:05 UTC] Automatic updates starting...
[30-Jul-2026 12:03:05 UTC]   Automatic plugin updates starting...
[30-Jul-2026 12:03:05 UTC]   Automatic plugin updates complete.
[30-Jul-2026 12:03:05 UTC]   Automatic theme updates starting...
[30-Jul-2026 12:03:05 UTC]   Automatic theme updates complete.
[30-Jul-2026 12:03:05 UTC] Automatic updates complete.
[30-Jul-2026 13:05:39 UTC] Automatic updates starting...
[30-Jul-2026 13:05:39 UTC]   Automatic plugin updates starting...
[30-Jul-2026 13:05:39 UTC]   Automatic plugin updates complete.
[30-Jul-2026 13:05:39 UTC]   Automatic theme updates starting...
[30-Jul-2026 13:05:39 UTC]   Automatic theme updates complete.
[30-Jul-2026 13:05:39 UTC] Automatic updates complete.
[30-Jul-2026 14:14:06 UTC] Automatic updates starting...
[30-Jul-2026 14:14:06 UTC]   Automatic plugin updates starting...
[30-Jul-2026 14:14:06 UTC]   Automatic plugin updates complete.
[30-Jul-2026 14:14:06 UTC]   Automatic theme updates starting...
[30-Jul-2026 14:14:06 UTC]   Automatic theme updates complete.
[30-Jul-2026 14:14:06 UTC] Automatic updates complete.
[30-Jul-2026 15:24:28 UTC] Automatic updates starting...
[30-Jul-2026 15:24:28 UTC]   Automatic plugin updates starting...
[30-Jul-2026 15:24:28 UTC]   Automatic plugin updates complete.
[30-Jul-2026 15:24:28 UTC]   Automatic theme updates starting...
[30-Jul-2026 15:24:28 UTC]   Automatic theme updates complete.
[30-Jul-2026 15:24:28 UTC] Automatic updates complete.
[30-Jul-2026 16:42:15 UTC] Automatic updates starting...
[30-Jul-2026 16:42:15 UTC]   Automatic plugin updates starting...
[30-Jul-2026 16:42:15 UTC]   Automatic plugin updates complete.
[30-Jul-2026 16:42:15 UTC]   Automatic theme updates starting...
[30-Jul-2026 16:42:15 UTC]   Automatic theme updates complete.
[30-Jul-2026 16:42:15 UTC] Automatic updates complete.
[30-Jul-2026 18:29:44 UTC] Automatic updates starting...
[30-Jul-2026 18:29:44 UTC]   Automatic plugin updates starting...
[30-Jul-2026 18:29:44 UTC]   Automatic plugin updates complete.
[30-Jul-2026 18:29:44 UTC]   Automatic theme updates starting...
[30-Jul-2026 18:29:44 UTC]   Automatic theme updates complete.
[30-Jul-2026 18:29:44 UTC] Automatic updates complete.
[30-Jul-2026 19:33:28 UTC] Automatic updates starting...
[30-Jul-2026 19:33:28 UTC]   Automatic plugin updates starting...
[30-Jul-2026 19:33:28 UTC]   Automatic plugin updates complete.
[30-Jul-2026 19:33:28 UTC]   Automatic theme updates starting...
[30-Jul-2026 19:33:28 UTC]   Automatic theme updates complete.
[30-Jul-2026 19:33:28 UTC] Automatic updates complete.
[30-Jul-2026 20:47:29 UTC] Automatic updates starting...
[30-Jul-2026 20:47:29 UTC]   Automatic plugin updates starting...
[30-Jul-2026 20:47:29 UTC]   Automatic plugin updates complete.
[30-Jul-2026 20:47:29 UTC]   Automatic theme updates starting...
[30-Jul-2026 20:47:29 UTC]   Automatic theme updates complete.
[30-Jul-2026 20:47:29 UTC] Automatic updates complete.
[30-Jul-2026 22:18:36 UTC] Automatic updates starting...
[30-Jul-2026 22:18:36 UTC]   Automatic plugin updates starting...
[30-Jul-2026 22:18:36 UTC]   Automatic plugin updates complete.
[30-Jul-2026 22:18:36 UTC]   Automatic theme updates starting...
[30-Jul-2026 22:18:36 UTC]   Automatic theme updates complete.
[30-Jul-2026 22:18:36 UTC] Automatic updates complete.
[30-Jul-2026 23:33:49 UTC] Automatic updates starting...
[30-Jul-2026 23:33:49 UTC]   Automatic plugin updates starting...
[30-Jul-2026 23:33:49 UTC]   Automatic plugin updates complete.
[30-Jul-2026 23:33:49 UTC]   Automatic theme updates starting...
[30-Jul-2026 23:33:49 UTC]   Automatic theme updates complete.
[30-Jul-2026 23:33:49 UTC] Automatic updates complete.
[31-Jul-2026 00:19:05 UTC] Automatic updates starting...
[31-Jul-2026 00:19:05 UTC]   Automatic plugin updates starting...
[31-Jul-2026 00:19:05 UTC]   Automatic plugin updates complete.
[31-Jul-2026 00:19:05 UTC]   Automatic theme updates starting...
[31-Jul-2026 00:19:05 UTC]   Automatic theme updates complete.
[31-Jul-2026 00:19:05 UTC] Automatic updates complete.
[31-Jul-2026 01:46:50 UTC] Automatic updates starting...
[31-Jul-2026 01:46:50 UTC]   Automatic plugin updates starting...
[31-Jul-2026 01:46:50 UTC]   Automatic plugin updates complete.
[31-Jul-2026 01:46:50 UTC]   Automatic theme updates starting...
[31-Jul-2026 01:46:50 UTC]   Automatic theme updates complete.
[31-Jul-2026 01:46:50 UTC] Automatic updates complete.
[31-Jul-2026 03:04:37 UTC] Automatic updates starting...
[31-Jul-2026 03:04:37 UTC]   Automatic plugin updates starting...
[31-Jul-2026 03:04:37 UTC]   Automatic plugin updates complete.
[31-Jul-2026 03:04:37 UTC]   Automatic theme updates starting...
[31-Jul-2026 03:04:37 UTC]   Automatic theme updates complete.
[31-Jul-2026 03:04:37 UTC] Automatic updates complete.
[31-Jul-2026 04:11:52 UTC] Automatic updates starting...
[31-Jul-2026 04:11:52 UTC]   Automatic plugin updates starting...
[31-Jul-2026 04:11:52 UTC]   Automatic plugin updates complete.
[31-Jul-2026 04:11:52 UTC]   Automatic theme updates starting...
[31-Jul-2026 04:11:52 UTC]   Automatic theme updates complete.
[31-Jul-2026 04:11:52 UTC] Automatic updates complete.
[31-Jul-2026 05:26:17 UTC] Automatic updates starting...
[31-Jul-2026 05:26:17 UTC]   Automatic plugin updates starting...
[31-Jul-2026 05:26:17 UTC]   Automatic plugin updates complete.
[31-Jul-2026 05:26:17 UTC]   Automatic theme updates starting...
[31-Jul-2026 05:26:17 UTC]   Automatic theme updates complete.
[31-Jul-2026 05:26:17 UTC] Automatic updates complete.
[31-Jul-2026 07:37:03 UTC] Automatic updates starting...
[31-Jul-2026 07:37:04 UTC]   Automatic plugin updates starting...
[31-Jul-2026 07:37:04 UTC]   Automatic plugin updates complete.
[31-Jul-2026 07:37:04 UTC]   Automatic theme updates starting...
[31-Jul-2026 07:37:04 UTC]   Automatic theme updates complete.
[31-Jul-2026 07:37:04 UTC] Automatic updates complete.
[31-Jul-2026 08:37:30 UTC] Automatic updates starting...
[31-Jul-2026 08:37:30 UTC]   Automatic plugin updates starting...
[31-Jul-2026 08:37:30 UTC]   Automatic plugin updates complete.
[31-Jul-2026 08:37:30 UTC]   Automatic theme updates starting...
[31-Jul-2026 08:37:30 UTC]   Automatic theme updates complete.
[31-Jul-2026 08:37:30 UTC] Automatic updates complete.
[31-Jul-2026 09:46:16 UTC] Automatic updates starting...
[31-Jul-2026 09:46:16 UTC]   Automatic plugin updates starting...
[31-Jul-2026 09:46:16 UTC]   Automatic plugin updates complete.
[31-Jul-2026 09:46:16 UTC]   Automatic theme updates starting...
[31-Jul-2026 09:46:16 UTC]   Automatic theme updates complete.
[31-Jul-2026 09:46:16 UTC] Automatic updates complete.
[31-Jul-2026 11:02:34 UTC] Automatic updates starting...
[31-Jul-2026 11:02:34 UTC]   Automatic plugin updates starting...
[31-Jul-2026 11:02:34 UTC]   Automatic plugin updates complete.
[31-Jul-2026 11:02:34 UTC]   Automatic theme updates starting...
[31-Jul-2026 11:02:34 UTC]   Automatic theme updates complete.
[31-Jul-2026 11:02:34 UTC] Automatic updates complete.
[31-Jul-2026 12:03:03 UTC] Automatic updates starting...
[31-Jul-2026 12:03:03 UTC]   Automatic plugin updates starting...
[31-Jul-2026 12:03:03 UTC]   Automatic plugin updates complete.
[31-Jul-2026 12:03:03 UTC]   Automatic theme updates starting...
[31-Jul-2026 12:03:03 UTC]   Automatic theme updates complete.
[31-Jul-2026 12:03:03 UTC] Automatic updates complete.
[31-Jul-2026 12:11:25 UTC] PHP Notice:  _wp_delete_all_temp_backups(): Could not access filesystem. in /home/inclenweb/admin/admin/wp-includes/functions.php on line 6170
[31-Jul-2026 13:45:50 UTC] Automatic updates starting...
[31-Jul-2026 13:45:50 UTC]   Automatic plugin updates starting...
[31-Jul-2026 13:45:50 UTC]   Automatic plugin updates complete.
[31-Jul-2026 13:45:50 UTC]   Automatic theme updates starting...
[31-Jul-2026 13:45:50 UTC]   Automatic theme updates complete.
[31-Jul-2026 13:45:50 UTC] Automatic updates complete.
[31-Jul-2026 15:27:13 UTC] Automatic updates starting...
[31-Jul-2026 15:27:13 UTC]   Automatic plugin updates starting...
[31-Jul-2026 15:27:13 UTC]   Automatic plugin updates complete.
[31-Jul-2026 15:27:13 UTC]   Automatic theme updates starting...
[31-Jul-2026 15:27:13 UTC]   Automatic theme updates complete.
[31-Jul-2026 15:27:13 UTC] Automatic updates complete.
[31-Jul-2026 16:41:38 UTC] Automatic updates starting...
[31-Jul-2026 16:41:38 UTC]   Automatic plugin updates starting...
[31-Jul-2026 16:41:38 UTC]   Automatic plugin updates complete.
[31-Jul-2026 16:41:38 UTC]   Automatic theme updates starting...
[31-Jul-2026 16:41:38 UTC]   Automatic theme updates complete.
[31-Jul-2026 16:41:38 UTC] Automatic updates complete.
[31-Jul-2026 18:22:52 UTC] Automatic updates starting...
[31-Jul-2026 18:22:52 UTC]   Automatic plugin updates starting...
[31-Jul-2026 18:22:52 UTC]   Automatic plugin updates complete.
[31-Jul-2026 18:22:52 UTC]   Automatic theme updates starting...
[31-Jul-2026 18:22:52 UTC]   Automatic theme updates complete.
[31-Jul-2026 18:22:52 UTC] Automatic updates complete.
[31-Jul-2026 19:29:47 UTC] Automatic updates starting...
[31-Jul-2026 19:29:47 UTC]   Automatic plugin updates starting...
[31-Jul-2026 19:29:47 UTC]   Automatic plugin updates complete.
[31-Jul-2026 19:29:47 UTC]   Automatic theme updates starting...
[31-Jul-2026 19:29:47 UTC]   Automatic theme updates complete.
[31-Jul-2026 19:29:47 UTC] Automatic updates complete.
[31-Jul-2026 20:51:10 UTC] Automatic updates starting...
[31-Jul-2026 20:51:10 UTC]   Automatic plugin updates starting...
[31-Jul-2026 20:51:10 UTC]   Automatic plugin updates complete.
[31-Jul-2026 20:51:10 UTC]   Automatic theme updates starting...
[31-Jul-2026 20:51:10 UTC]   Automatic theme updates complete.
[31-Jul-2026 20:51:10 UTC] Automatic updates complete.
[31-Jul-2026 22:17:44 UTC] Automatic updates starting...
[31-Jul-2026 22:17:44 UTC]   Automatic plugin updates starting...
[31-Jul-2026 22:17:44 UTC]   Automatic plugin updates complete.
[31-Jul-2026 22:17:44 UTC]   Automatic theme updates starting...
[31-Jul-2026 22:17:44 UTC]   Automatic theme updates complete.
[31-Jul-2026 22:17:44 UTC] Automatic updates complete.
[31-Jul-2026 23:57:26 UTC] Automatic updates starting...
[31-Jul-2026 23:57:26 UTC]   Automatic plugin updates starting...
[31-Jul-2026 23:57:26 UTC]   Automatic plugin updates complete.
[31-Jul-2026 23:57:26 UTC]   Automatic theme updates starting...
[31-Jul-2026 23:57:26 UTC]   Automatic theme updates complete.
[31-Jul-2026 23:57:26 UTC] Automatic updates complete.
[01-Aug-2026 00:23:06 UTC] Automatic updates starting...
[01-Aug-2026 00:23:06 UTC]   Automatic plugin updates starting...
[01-Aug-2026 00:23:06 UTC]   Automatic plugin updates complete.
[01-Aug-2026 00:23:06 UTC]   Automatic theme updates starting...
[01-Aug-2026 00:23:06 UTC]   Automatic theme updates complete.
[01-Aug-2026 00:23:06 UTC] Automatic updates complete.
[01-Aug-2026 01:42:21 UTC] Automatic updates starting...
[01-Aug-2026 01:42:21 UTC]   Automatic plugin updates starting...
[01-Aug-2026 01:42:21 UTC]   Automatic plugin updates complete.
[01-Aug-2026 01:42:21 UTC]   Automatic theme updates starting...
[01-Aug-2026 01:42:21 UTC]   Automatic theme updates complete.
[01-Aug-2026 01:42:21 UTC] Automatic updates complete.
[01-Aug-2026 03:23:01 UTC] Automatic updates starting...
[01-Aug-2026 03:23:01 UTC]   Automatic plugin updates starting...
[01-Aug-2026 03:23:01 UTC]   Automatic plugin updates complete.
[01-Aug-2026 03:23:01 UTC]   Automatic theme updates starting...
[01-Aug-2026 03:23:01 UTC]   Automatic theme updates complete.
[01-Aug-2026 03:23:01 UTC] Automatic updates complete.
[01-Aug-2026 04:40:25 UTC] Automatic updates starting...
[01-Aug-2026 04:40:25 UTC]   Automatic plugin updates starting...
[01-Aug-2026 04:40:25 UTC]   Automatic plugin updates complete.
[01-Aug-2026 04:40:25 UTC]   Automatic theme updates starting...
[01-Aug-2026 04:40:25 UTC]   Automatic theme updates complete.
[01-Aug-2026 04:40:25 UTC] Automatic updates complete.
[01-Aug-2026 05:40:50 UTC] Automatic updates starting...
[01-Aug-2026 05:40:50 UTC]   Automatic plugin updates starting...
[01-Aug-2026 05:40:50 UTC]   Automatic plugin updates complete.
[01-Aug-2026 05:40:50 UTC]   Automatic theme updates starting...
[01-Aug-2026 05:40:50 UTC]   Automatic theme updates complete.
[01-Aug-2026 05:40:50 UTC] Automatic updates complete.
[01-Aug-2026 06:48:58 UTC] Automatic updates starting...
[01-Aug-2026 06:48:58 UTC]   Automatic plugin updates starting...
[01-Aug-2026 06:48:58 UTC]   Automatic plugin updates complete.
[01-Aug-2026 06:48:58 UTC]   Automatic theme updates starting...
[01-Aug-2026 06:48:58 UTC]   Automatic theme updates complete.
[01-Aug-2026 06:48:58 UTC] Automatic updates complete.
[01-Aug-2026 08:03:32 UTC] Automatic updates starting...
[01-Aug-2026 08:03:32 UTC]   Automatic plugin updates starting...
[01-Aug-2026 08:03:32 UTC]   Automatic plugin updates complete.
[01-Aug-2026 08:03:32 UTC]   Automatic theme updates starting...
[01-Aug-2026 08:03:32 UTC]   Automatic theme updates complete.
[01-Aug-2026 08:03:32 UTC] Automatic updates complete.
[01-Aug-2026 09:22:28 UTC] Automatic updates starting...
[01-Aug-2026 09:22:28 UTC]   Automatic plugin updates starting...
[01-Aug-2026 09:22:28 UTC]   Automatic plugin updates complete.
[01-Aug-2026 09:22:28 UTC]   Automatic theme updates starting...
[01-Aug-2026 09:22:28 UTC]   Automatic theme updates complete.
[01-Aug-2026 09:22:28 UTC] Automatic updates complete.
[01-Aug-2026 10:24:35 UTC] Automatic updates starting...
[01-Aug-2026 10:24:35 UTC]   Automatic plugin updates starting...
[01-Aug-2026 10:24:35 UTC]   Automatic plugin updates complete.
[01-Aug-2026 10:24:35 UTC]   Automatic theme updates starting...
[01-Aug-2026 10:24:35 UTC]   Automatic theme updates complete.
[01-Aug-2026 10:24:35 UTC] Automatic updates complete.
[01-Aug-2026 11:56:52 UTC] Automatic updates starting...
[01-Aug-2026 11:56:52 UTC]   Automatic plugin updates starting...
[01-Aug-2026 11:56:52 UTC]   Automatic plugin updates complete.
[01-Aug-2026 11:56:52 UTC]   Automatic theme updates starting...
[01-Aug-2026 11:56:52 UTC]   Automatic theme updates complete.
[01-Aug-2026 11:56:52 UTC] Automatic updates complete.
[01-Aug-2026 12:09:20 UTC] Automatic updates starting...
[01-Aug-2026 12:09:20 UTC]   Automatic plugin updates starting...
[01-Aug-2026 12:09:20 UTC]   Automatic plugin updates complete.
[01-Aug-2026 12:09:20 UTC]   Automatic theme updates starting...
[01-Aug-2026 12:09:20 UTC]   Automatic theme updates complete.
[01-Aug-2026 12:09:20 UTC] Automatic updates complete.
[01-Aug-2026 13:48:37 UTC] Automatic updates starting...
[01-Aug-2026 13:48:37 UTC]   Automatic plugin updates starting...
[01-Aug-2026 13:48:37 UTC]   Automatic plugin updates complete.
[01-Aug-2026 13:48:37 UTC]   Automatic theme updates starting...
[01-Aug-2026 13:48:37 UTC]   Automatic theme updates complete.
[01-Aug-2026 13:48:37 UTC] Automatic updates complete.
[01-Aug-2026 15:27:02 UTC] Automatic updates starting...
[01-Aug-2026 15:27:02 UTC]   Automatic plugin updates starting...
[01-Aug-2026 15:27:02 UTC]   Automatic plugin updates complete.
[01-Aug-2026 15:27:02 UTC]   Automatic theme updates starting...
[01-Aug-2026 15:27:02 UTC]   Automatic theme updates complete.
[01-Aug-2026 15:27:02 UTC] Automatic updates complete.
[01-Aug-2026 17:02:18 UTC] Automatic updates starting...
[01-Aug-2026 17:02:18 UTC]   Automatic plugin updates starting...
[01-Aug-2026 17:02:18 UTC]   Automatic plugin updates complete.
[01-Aug-2026 17:02:18 UTC]   Automatic theme updates starting...
[01-Aug-2026 17:02:18 UTC]   Automatic theme updates complete.
[01-Aug-2026 17:02:18 UTC] Automatic updates complete.
[01-Aug-2026 18:16:00 UTC] Automatic updates starting...
[01-Aug-2026 18:16:00 UTC]   Automatic plugin updates starting...
[01-Aug-2026 18:16:00 UTC]   Automatic plugin updates complete.
[01-Aug-2026 18:16:00 UTC]   Automatic theme updates starting...
[01-Aug-2026 18:16:00 UTC]   Automatic theme updates complete.
[01-Aug-2026 18:16:00 UTC] Automatic updates complete.
[01-Aug-2026 20:22:13 UTC] Automatic updates starting...
[01-Aug-2026 20:22:14 UTC]   Automatic plugin updates starting...
[01-Aug-2026 20:22:14 UTC]   Automatic plugin updates complete.
[01-Aug-2026 20:22:14 UTC]   Automatic theme updates starting...
[01-Aug-2026 20:22:14 UTC]   Automatic theme updates complete.
[01-Aug-2026 20:22:14 UTC] Automatic updates complete.
[01-Aug-2026 22:18:18 UTC] Automatic updates starting...
[01-Aug-2026 22:18:18 UTC]   Automatic plugin updates starting...
[01-Aug-2026 22:18:18 UTC]   Automatic plugin updates complete.
[01-Aug-2026 22:18:18 UTC]   Automatic theme updates starting...
[01-Aug-2026 22:18:18 UTC]   Automatic theme updates complete.
[01-Aug-2026 22:18:18 UTC] Automatic updates complete.
[01-Aug-2026 23:22:13 UTC] Automatic updates starting...
[01-Aug-2026 23:22:13 UTC]   Automatic plugin updates starting...
[01-Aug-2026 23:22:13 UTC]   Automatic plugin updates complete.
[01-Aug-2026 23:22:13 UTC]   Automatic theme updates starting...
[01-Aug-2026 23:22:13 UTC]   Automatic theme updates complete.
[01-Aug-2026 23:22:13 UTC] Automatic updates complete.
[02-Aug-2026 00:09:50 UTC] Automatic updates starting...
[02-Aug-2026 00:09:50 UTC]   Automatic plugin updates starting...
[02-Aug-2026 00:09:50 UTC]   Automatic plugin updates complete.
[02-Aug-2026 00:09:50 UTC]   Automatic theme updates starting...
[02-Aug-2026 00:09:50 UTC]   Automatic theme updates complete.
[02-Aug-2026 00:09:50 UTC] Automatic updates complete.
[02-Aug-2026 02:12:33 UTC] Automatic updates starting...
[02-Aug-2026 02:12:33 UTC]   Automatic plugin updates starting...
[02-Aug-2026 02:12:33 UTC]   Automatic plugin updates complete.
[02-Aug-2026 02:12:33 UTC]   Automatic theme updates starting...
[02-Aug-2026 02:12:33 UTC]   Automatic theme updates complete.
[02-Aug-2026 02:12:33 UTC] Automatic updates complete.
[02-Aug-2026 03:36:58 UTC] Automatic updates starting...
[02-Aug-2026 03:36:58 UTC]   Automatic plugin updates starting...
[02-Aug-2026 03:36:58 UTC]   Automatic plugin updates complete.
[02-Aug-2026 03:36:58 UTC]   Automatic theme updates starting...
[02-Aug-2026 03:36:58 UTC]   Automatic theme updates complete.
[02-Aug-2026 03:36:58 UTC] Automatic updates complete.
[02-Aug-2026 06:21:51 UTC] Automatic updates starting...
[02-Aug-2026 06:21:52 UTC]   Automatic plugin updates starting...
[02-Aug-2026 06:21:52 UTC]   Automatic plugin updates complete.
[02-Aug-2026 06:21:53 UTC]   Automatic theme updates starting...
[02-Aug-2026 06:21:53 UTC]   Automatic theme updates complete.
[02-Aug-2026 06:21:53 UTC] Automatic updates complete.
[02-Aug-2026 07:34:20 UTC] Automatic updates starting...
[02-Aug-2026 07:34:20 UTC]   Automatic plugin updates starting...
[02-Aug-2026 07:34:20 UTC]   Automatic plugin updates complete.
[02-Aug-2026 07:34:20 UTC]   Automatic theme updates starting...
[02-Aug-2026 07:34:20 UTC]   Automatic theme updates complete.
[02-Aug-2026 07:34:20 UTC] Automatic updates complete.
[02-Aug-2026 09:48:26 UTC] Automatic updates starting...
[02-Aug-2026 09:48:27 UTC]   Automatic plugin updates starting...
[02-Aug-2026 09:48:27 UTC]   Automatic plugin updates complete.
[02-Aug-2026 09:48:27 UTC]   Automatic theme updates starting...
[02-Aug-2026 09:48:27 UTC]   Automatic theme updates complete.
[02-Aug-2026 09:48:27 UTC] Automatic updates complete.
[02-Aug-2026 11:02:57 UTC] Automatic updates starting...
[02-Aug-2026 11:02:57 UTC]   Automatic plugin updates starting...
[02-Aug-2026 11:02:57 UTC]   Automatic plugin updates complete.
[02-Aug-2026 11:02:57 UTC]   Automatic theme updates starting...
[02-Aug-2026 11:02:57 UTC]   Automatic theme updates complete.
[02-Aug-2026 11:02:57 UTC] Automatic updates complete.
[02-Aug-2026 12:24:16 UTC] Automatic updates starting...
[02-Aug-2026 12:24:16 UTC]   Automatic plugin updates starting...
[02-Aug-2026 12:24:16 UTC]   Automatic plugin updates complete.
[02-Aug-2026 12:24:16 UTC]   Automatic theme updates starting...
[02-Aug-2026 12:24:16 UTC]   Automatic theme updates complete.
[02-Aug-2026 12:24:16 UTC] Automatic updates complete.
[02-Aug-2026 14:08:23 UTC] Automatic updates starting...
[02-Aug-2026 14:08:23 UTC]   Automatic plugin updates starting...
[02-Aug-2026 14:08:23 UTC]   Automatic plugin updates complete.
[02-Aug-2026 14:08:23 UTC]   Automatic theme updates starting...
[02-Aug-2026 14:08:23 UTC]   Automatic theme updates complete.
[02-Aug-2026 14:08:23 UTC] Automatic updates complete.
[02-Aug-2026 15:30:18 UTC] Automatic updates starting...
[02-Aug-2026 15:30:18 UTC]   Automatic plugin updates starting...
[02-Aug-2026 15:30:18 UTC]   Automatic plugin updates complete.
[02-Aug-2026 15:30:18 UTC]   Automatic theme updates starting...
[02-Aug-2026 15:30:18 UTC]   Automatic theme updates complete.
[02-Aug-2026 15:30:18 UTC] Automatic updates complete.
[02-Aug-2026 16:51:29 UTC] Automatic updates starting...
[02-Aug-2026 16:51:29 UTC]   Automatic plugin updates starting...
[02-Aug-2026 16:51:29 UTC]   Automatic plugin updates complete.
[02-Aug-2026 16:51:29 UTC]   Automatic theme updates starting...
[02-Aug-2026 16:51:29 UTC]   Automatic theme updates complete.
[02-Aug-2026 16:51:29 UTC] Automatic updates complete.
[02-Aug-2026 18:11:00 UTC] Automatic updates starting...
[02-Aug-2026 18:11:00 UTC]   Automatic plugin updates starting...
[02-Aug-2026 18:11:00 UTC]   Automatic plugin updates complete.
[02-Aug-2026 18:11:00 UTC]   Automatic theme updates starting...
[02-Aug-2026 18:11:00 UTC]   Automatic theme updates complete.
[02-Aug-2026 18:11:00 UTC] Automatic updates complete.
[02-Aug-2026 19:45:17 UTC] Automatic updates starting...
[02-Aug-2026 19:45:17 UTC]   Automatic plugin updates starting...
[02-Aug-2026 19:45:17 UTC]   Automatic plugin updates complete.
[02-Aug-2026 19:45:17 UTC]   Automatic theme updates starting...
[02-Aug-2026 19:45:17 UTC]   Automatic theme updates complete.
[02-Aug-2026 19:45:17 UTC] Automatic updates complete.
[02-Aug-2026 20:54:25 UTC] Automatic updates starting...
[02-Aug-2026 20:54:25 UTC]   Automatic plugin updates starting...
[02-Aug-2026 20:54:25 UTC]   Automatic plugin updates complete.
[02-Aug-2026 20:54:25 UTC]   Automatic theme updates starting...
[02-Aug-2026 20:54:25 UTC]   Automatic theme updates complete.
[02-Aug-2026 20:54:25 UTC] Automatic updates complete.
[02-Aug-2026 22:01:00 UTC] Automatic updates starting...
[02-Aug-2026 22:01:00 UTC]   Automatic plugin updates starting...
[02-Aug-2026 22:01:00 UTC]   Automatic plugin updates complete.
[02-Aug-2026 22:01:00 UTC]   Automatic theme updates starting...
[02-Aug-2026 22:01:00 UTC]   Automatic theme updates complete.
[02-Aug-2026 22:01:00 UTC] Automatic updates complete.
[02-Aug-2026 23:04:41 UTC] Automatic updates starting...
[02-Aug-2026 23:04:41 UTC]   Automatic plugin updates starting...
[02-Aug-2026 23:04:41 UTC]   Automatic plugin updates complete.
[02-Aug-2026 23:04:41 UTC]   Automatic theme updates starting...
[02-Aug-2026 23:04:41 UTC]   Automatic theme updates complete.
[02-Aug-2026 23:04:41 UTC] Automatic updates complete.
[03-Aug-2026 00:09:46 UTC] Automatic updates starting...
[03-Aug-2026 00:09:46 UTC]   Automatic plugin updates starting...
[03-Aug-2026 00:09:46 UTC]   Automatic plugin updates complete.
[03-Aug-2026 00:09:46 UTC]   Automatic theme updates starting...
[03-Aug-2026 00:09:46 UTC]   Automatic theme updates complete.
[03-Aug-2026 00:09:46 UTC] Automatic updates complete.
[03-Aug-2026 01:20:54 UTC] Automatic updates starting...
[03-Aug-2026 01:20:54 UTC]   Automatic plugin updates starting...
[03-Aug-2026 01:20:54 UTC]   Automatic plugin updates complete.
[03-Aug-2026 01:20:54 UTC]   Automatic theme updates starting...
[03-Aug-2026 01:20:54 UTC]   Automatic theme updates complete.
[03-Aug-2026 01:20:54 UTC] Automatic updates complete.
[03-Aug-2026 02:21:13 UTC] Automatic updates starting...
[03-Aug-2026 02:21:13 UTC]   Automatic plugin updates starting...
[03-Aug-2026 02:21:13 UTC]   Automatic plugin updates complete.
[03-Aug-2026 02:21:13 UTC]   Automatic theme updates starting...
[03-Aug-2026 02:21:13 UTC]   Automatic theme updates complete.
[03-Aug-2026 02:21:13 UTC] Automatic updates complete.
[03-Aug-2026 04:28:46 UTC] Automatic updates starting...
[03-Aug-2026 04:28:47 UTC]   Automatic plugin updates starting...
[03-Aug-2026 04:28:47 UTC]   Automatic plugin updates complete.
[03-Aug-2026 04:28:47 UTC]   Automatic theme updates starting...
[03-Aug-2026 04:28:47 UTC]   Automatic theme updates complete.
[03-Aug-2026 04:28:47 UTC] Automatic updates complete.
[03-Aug-2026 05:57:59 UTC] Automatic updates starting...
[03-Aug-2026 05:57:59 UTC]   Automatic plugin updates starting...
[03-Aug-2026 05:57:59 UTC]   Automatic plugin updates complete.
[03-Aug-2026 05:57:59 UTC]   Automatic theme updates starting...
[03-Aug-2026 05:57:59 UTC]   Automatic theme updates complete.
[03-Aug-2026 05:57:59 UTC] Automatic updates complete.
[03-Aug-2026 07:10:41 UTC] Automatic updates starting...
[03-Aug-2026 07:10:41 UTC]   Automatic plugin updates starting...
[03-Aug-2026 07:10:41 UTC]   Automatic plugin updates complete.
[03-Aug-2026 07:10:41 UTC]   Automatic theme updates starting...
[03-Aug-2026 07:10:41 UTC]   Automatic theme updates complete.
[03-Aug-2026 07:10:41 UTC] Automatic updates complete.
[03-Aug-2026 08:11:37 UTC] Automatic updates starting...
[03-Aug-2026 08:11:37 UTC]   Automatic plugin updates starting...
[03-Aug-2026 08:11:37 UTC]   Automatic plugin updates complete.
[03-Aug-2026 08:11:37 UTC]   Automatic theme updates starting...
[03-Aug-2026 08:11:37 UTC]   Automatic theme updates complete.
[03-Aug-2026 08:11:37 UTC] Automatic updates complete.
[03-Aug-2026 09:15:09 UTC] Automatic updates starting...
[03-Aug-2026 09:15:09 UTC]   Automatic plugin updates starting...
[03-Aug-2026 09:15:09 UTC]   Automatic plugin updates complete.
[03-Aug-2026 09:15:09 UTC]   Automatic theme updates starting...
[03-Aug-2026 09:15:09 UTC]   Automatic theme updates complete.
[03-Aug-2026 09:15:09 UTC] Automatic updates complete.
[03-Aug-2026 10:20:18 UTC] Automatic updates starting...
[03-Aug-2026 10:20:18 UTC]   Automatic plugin updates starting...
[03-Aug-2026 10:20:18 UTC]   Automatic plugin updates complete.
[03-Aug-2026 10:20:18 UTC]   Automatic theme updates starting...
[03-Aug-2026 10:20:18 UTC]   Automatic theme updates complete.
[03-Aug-2026 10:20:18 UTC] Automatic updates complete.
[03-Aug-2026 11:24:49 UTC] Automatic updates starting...
[03-Aug-2026 11:24:49 UTC]   Automatic plugin updates starting...
[03-Aug-2026 11:24:49 UTC]   Automatic plugin updates complete.
[03-Aug-2026 11:24:49 UTC]   Automatic theme updates starting...
[03-Aug-2026 11:24:49 UTC]   Automatic theme updates complete.
[03-Aug-2026 11:24:49 UTC] Automatic updates complete.
[03-Aug-2026 12:44:34 UTC] Automatic updates starting...
[03-Aug-2026 12:44:34 UTC]   Automatic plugin updates starting...
[03-Aug-2026 12:44:34 UTC]   Automatic plugin updates complete.
[03-Aug-2026 12:44:34 UTC]   Automatic theme updates starting...
[03-Aug-2026 12:44:34 UTC]   Automatic theme updates complete.
[03-Aug-2026 12:44:34 UTC] Automatic updates complete.
[03-Aug-2026 13:56:43 UTC] Automatic updates starting...
[03-Aug-2026 13:56:43 UTC]   Automatic plugin updates starting...
[03-Aug-2026 13:56:43 UTC]   Automatic plugin updates complete.
[03-Aug-2026 13:56:43 UTC]   Automatic theme updates starting...
[03-Aug-2026 13:56:43 UTC]   Automatic theme updates complete.
[03-Aug-2026 13:56:43 UTC] Automatic updates complete.
[03-Aug-2026 15:07:29 UTC] Automatic updates starting...
[03-Aug-2026 15:07:29 UTC]   Automatic plugin updates starting...
[03-Aug-2026 15:07:29 UTC]   Automatic plugin updates complete.
[03-Aug-2026 15:07:29 UTC]   Automatic theme updates starting...
[03-Aug-2026 15:07:29 UTC]   Automatic theme updates complete.
[03-Aug-2026 15:07:29 UTC] Automatic updates complete.
[03-Aug-2026 16:23:07 UTC] Automatic updates starting...
[03-Aug-2026 16:23:07 UTC]   Automatic plugin updates starting...
[03-Aug-2026 16:23:07 UTC]   Automatic plugin updates complete.
[03-Aug-2026 16:23:07 UTC]   Automatic theme updates starting...
[03-Aug-2026 16:23:07 UTC]   Automatic theme updates complete.
[03-Aug-2026 16:23:07 UTC] Automatic updates complete.
[03-Aug-2026 17:40:18 UTC] Automatic updates starting...
[03-Aug-2026 17:40:18 UTC]   Automatic plugin updates starting...
[03-Aug-2026 17:40:18 UTC]   Automatic plugin updates complete.
[03-Aug-2026 17:40:18 UTC]   Automatic theme updates starting...
[03-Aug-2026 17:40:18 UTC]   Automatic theme updates complete.
[03-Aug-2026 17:40:18 UTC] Automatic updates complete.
[03-Aug-2026 18:59:51 UTC] Automatic updates starting...
[03-Aug-2026 18:59:51 UTC]   Automatic plugin updates starting...
[03-Aug-2026 18:59:51 UTC]   Automatic plugin updates complete.
[03-Aug-2026 18:59:51 UTC]   Automatic theme updates starting...
[03-Aug-2026 18:59:51 UTC]   Automatic theme updates complete.
[03-Aug-2026 18:59:51 UTC] Automatic updates complete.
[03-Aug-2026 20:11:07 UTC] Automatic updates starting...
[03-Aug-2026 20:11:07 UTC]   Automatic plugin updates starting...
[03-Aug-2026 20:11:07 UTC]   Automatic plugin updates complete.
[03-Aug-2026 20:11:07 UTC]   Automatic theme updates starting...
[03-Aug-2026 20:11:07 UTC]   Automatic theme updates complete.
[03-Aug-2026 20:11:07 UTC] Automatic updates complete.
[03-Aug-2026 22:11:20 UTC] Automatic updates starting...
[03-Aug-2026 22:11:21 UTC]   Automatic plugin updates starting...
[03-Aug-2026 22:11:21 UTC]   Automatic plugin updates complete.
[03-Aug-2026 22:11:22 UTC]   Automatic theme updates starting...
[03-Aug-2026 22:11:22 UTC]   Automatic theme updates complete.
[03-Aug-2026 22:11:22 UTC] Automatic updates complete.
[04-Aug-2026 00:27:06 UTC] Automatic updates starting...
[04-Aug-2026 00:27:06 UTC]   Automatic plugin updates starting...
[04-Aug-2026 00:27:06 UTC]   Automatic plugin updates complete.
[04-Aug-2026 00:27:07 UTC]   Automatic theme updates starting...
[04-Aug-2026 00:27:07 UTC]   Automatic theme updates complete.
[04-Aug-2026 00:27:07 UTC] Automatic updates complete.
[04-Aug-2026 12:24:19 UTC] Automatic updates starting...
[04-Aug-2026 12:24:20 UTC]   Automatic plugin updates starting...
[04-Aug-2026 12:24:20 UTC]   Automatic plugin updates complete.
[04-Aug-2026 12:24:20 UTC]   Automatic theme updates starting...
[04-Aug-2026 12:24:20 UTC]   Automatic theme updates complete.
[04-Aug-2026 12:24:20 UTC] Automatic updates complete.
[04-Aug-2026 13:32:56 UTC] Automatic updates starting...
[04-Aug-2026 13:32:56 UTC]   Automatic plugin updates starting...
[04-Aug-2026 13:32:56 UTC]   Automatic plugin updates complete.
[04-Aug-2026 13:32:56 UTC]   Automatic theme updates starting...
[04-Aug-2026 13:32:56 UTC]   Automatic theme updates complete.
[04-Aug-2026 13:32:56 UTC] Automatic updates complete.
[04-Aug-2026 14:49:51 UTC] Automatic updates starting...
[04-Aug-2026 14:49:51 UTC]   Automatic plugin updates starting...
[04-Aug-2026 14:49:51 UTC]   Automatic plugin updates complete.
[04-Aug-2026 14:49:51 UTC]   Automatic theme updates starting...
[04-Aug-2026 14:49:51 UTC]   Automatic theme updates complete.
[04-Aug-2026 14:49:51 UTC] Automatic updates complete.
[04-Aug-2026 15:58:12 UTC] Cron unschedule event error for hook: wp_version_check, Error code: could_not_set, Error message: The cron event list could not be saved., Data: {"schedule":false,"args":[]}
[04-Aug-2026 15:58:12 UTC] Automatic updates starting...
[04-Aug-2026 15:58:12 UTC]   Automatic plugin updates starting...
[04-Aug-2026 15:58:12 UTC]   Automatic plugin updates complete.
[04-Aug-2026 15:58:12 UTC]   Automatic theme updates starting...
[04-Aug-2026 15:58:12 UTC]   Automatic theme updates complete.
[04-Aug-2026 15:58:12 UTC] Automatic updates complete.
[04-Aug-2026 17:11:23 UTC] Automatic updates starting...
[04-Aug-2026 17:11:23 UTC]   Automatic plugin updates starting...
[04-Aug-2026 17:11:23 UTC]   Automatic plugin updates complete.
[04-Aug-2026 17:11:23 UTC]   Automatic theme updates starting...
[04-Aug-2026 17:11:23 UTC]   Automatic theme updates complete.
[04-Aug-2026 17:11:23 UTC] Automatic updates complete.
[04-Aug-2026 18:18:08 UTC] Automatic updates starting...
[04-Aug-2026 18:18:08 UTC]   Automatic plugin updates starting...
[04-Aug-2026 18:18:08 UTC]   Automatic plugin updates complete.
[04-Aug-2026 18:18:08 UTC]   Automatic theme updates starting...
[04-Aug-2026 18:18:08 UTC]   Automatic theme updates complete.
[04-Aug-2026 18:18:08 UTC] Automatic updates complete.
[04-Aug-2026 19:31:38 UTC] Automatic updates starting...
[04-Aug-2026 19:31:38 UTC]   Automatic plugin updates starting...
[04-Aug-2026 19:31:38 UTC]   Automatic plugin updates complete.
[04-Aug-2026 19:31:38 UTC]   Automatic theme updates starting...
[04-Aug-2026 19:31:38 UTC]   Automatic theme updates complete.
[04-Aug-2026 19:31:38 UTC] Automatic updates complete.
[04-Aug-2026 20:38:57 UTC] Automatic updates starting...
[04-Aug-2026 20:38:57 UTC]   Automatic plugin updates starting...
[04-Aug-2026 20:38:57 UTC]   Automatic plugin updates complete.
[04-Aug-2026 20:38:57 UTC]   Automatic theme updates starting...
[04-Aug-2026 20:38:57 UTC]   Automatic theme updates complete.
[04-Aug-2026 20:38:57 UTC] Automatic updates complete.
[04-Aug-2026 21:55:47 UTC] Automatic updates starting...
[04-Aug-2026 21:55:47 UTC]   Automatic plugin updates starting...
[04-Aug-2026 21:55:47 UTC]   Automatic plugin updates complete.
[04-Aug-2026 21:55:47 UTC]   Automatic theme updates starting...
[04-Aug-2026 21:55:47 UTC]   Automatic theme updates complete.
[04-Aug-2026 21:55:47 UTC] Automatic updates complete.
[04-Aug-2026 22:57:29 UTC] Automatic updates starting...
[04-Aug-2026 22:57:29 UTC]   Automatic plugin updates starting...
[04-Aug-2026 22:57:29 UTC]   Automatic plugin updates complete.
[04-Aug-2026 22:57:29 UTC]   Automatic theme updates starting...
[04-Aug-2026 22:57:29 UTC]   Automatic theme updates complete.
[04-Aug-2026 22:57:29 UTC] Automatic updates complete.
[05-Aug-2026 00:52:57 UTC] Automatic updates starting...
[05-Aug-2026 00:52:57 UTC]   Automatic plugin updates starting...
[05-Aug-2026 00:52:57 UTC]   Automatic plugin updates complete.
[05-Aug-2026 00:52:57 UTC]   Automatic theme updates starting...
[05-Aug-2026 00:52:57 UTC]   Automatic theme updates complete.
[05-Aug-2026 00:52:57 UTC] Automatic updates complete.
[05-Aug-2026 02:19:23 UTC] Automatic updates starting...
[05-Aug-2026 02:19:23 UTC]   Automatic plugin updates starting...
[05-Aug-2026 02:19:23 UTC]   Automatic plugin updates complete.
[05-Aug-2026 02:19:23 UTC]   Automatic theme updates starting...
[05-Aug-2026 02:19:23 UTC]   Automatic theme updates complete.
[05-Aug-2026 02:19:23 UTC] Automatic updates complete.
[05-Aug-2026 03:38:58 UTC] Automatic updates starting...
[05-Aug-2026 03:38:58 UTC]   Automatic plugin updates starting...
[05-Aug-2026 03:38:58 UTC]   Automatic plugin updates complete.
[05-Aug-2026 03:38:58 UTC]   Automatic theme updates starting...
[05-Aug-2026 03:38:58 UTC]   Automatic theme updates complete.
[05-Aug-2026 03:38:58 UTC] Automatic updates complete.
[05-Aug-2026 04:50:40 UTC] Automatic updates starting...
[05-Aug-2026 04:50:40 UTC]   Automatic plugin updates starting...
[05-Aug-2026 04:50:40 UTC]   Automatic plugin updates complete.
[05-Aug-2026 04:50:40 UTC]   Automatic theme updates starting...
[05-Aug-2026 04:50:40 UTC]   Automatic theme updates complete.
[05-Aug-2026 04:50:40 UTC] Automatic updates complete.
[05-Aug-2026 06:07:48 UTC] Automatic updates starting...
[05-Aug-2026 06:07:48 UTC]   Automatic plugin updates starting...
[05-Aug-2026 06:07:48 UTC]   Automatic plugin updates complete.
[05-Aug-2026 06:07:48 UTC]   Automatic theme updates starting...
[05-Aug-2026 06:07:48 UTC]   Automatic theme updates complete.
[05-Aug-2026 06:07:48 UTC] Automatic updates complete.
[05-Aug-2026 07:15:26 UTC] Automatic updates starting...
[05-Aug-2026 07:15:26 UTC]   Automatic plugin updates starting...
[05-Aug-2026 07:15:26 UTC]   Automatic plugin updates complete.
[05-Aug-2026 07:15:26 UTC]   Automatic theme updates starting...
[05-Aug-2026 07:15:26 UTC]   Automatic theme updates complete.
[05-Aug-2026 07:15:26 UTC] Automatic updates complete.
[05-Aug-2026 08:45:28 UTC] Automatic updates starting...
[05-Aug-2026 08:45:28 UTC]   Automatic plugin updates starting...
[05-Aug-2026 08:45:28 UTC]   Automatic plugin updates complete.
[05-Aug-2026 08:45:28 UTC]   Automatic theme updates starting...
[05-Aug-2026 08:45:28 UTC]   Automatic theme updates complete.
[05-Aug-2026 08:45:28 UTC] Automatic updates complete.
[05-Aug-2026 09:52:53 UTC] Cron unschedule event error for hook: wp_version_check, Error code: could_not_set, Error message: The cron event list could not be saved., Data: {"schedule":false,"args":[]}
[05-Aug-2026 09:52:54 UTC] Automatic updates starting...
[05-Aug-2026 09:52:54 UTC]   Automatic plugin updates starting...
[05-Aug-2026 09:52:54 UTC]   Automatic plugin updates complete.
[05-Aug-2026 09:52:54 UTC]   Automatic theme updates starting...
[05-Aug-2026 09:52:54 UTC]   Automatic theme updates complete.
[05-Aug-2026 09:52:54 UTC] Automatic updates complete.
[05-Aug-2026 11:12:39 UTC] Automatic updates starting...
[05-Aug-2026 11:12:39 UTC]   Automatic plugin updates starting...
[05-Aug-2026 11:12:39 UTC]   Automatic plugin updates complete.
[05-Aug-2026 11:12:39 UTC]   Automatic theme updates starting...
[05-Aug-2026 11:12:39 UTC]   Automatic theme updates complete.
[05-Aug-2026 11:12:39 UTC] Automatic updates complete.
[05-Aug-2026 12:01:54 UTC] Automatic updates starting...
[05-Aug-2026 12:01:54 UTC]   Automatic plugin updates starting...
[05-Aug-2026 12:01:54 UTC]   Automatic plugin updates complete.
[05-Aug-2026 12:01:54 UTC]   Automatic theme updates starting...
[05-Aug-2026 12:01:54 UTC]   Automatic theme updates complete.
[05-Aug-2026 12:01:54 UTC] Automatic updates complete.
[05-Aug-2026 13:13:58 UTC] Automatic updates starting...
[05-Aug-2026 13:13:58 UTC]   Automatic plugin updates starting...
[05-Aug-2026 13:13:58 UTC]   Automatic plugin updates complete.
[05-Aug-2026 13:13:58 UTC]   Automatic theme updates starting...
[05-Aug-2026 13:13:58 UTC]   Automatic theme updates complete.
[05-Aug-2026 13:13:58 UTC] Automatic updates complete.
[05-Aug-2026 14:48:00 UTC] Automatic updates starting...
[05-Aug-2026 14:48:00 UTC]   Automatic plugin updates starting...
[05-Aug-2026 14:48:00 UTC]   Automatic plugin updates complete.
[05-Aug-2026 14:48:00 UTC]   Automatic theme updates starting...
[05-Aug-2026 14:48:00 UTC]   Automatic theme updates complete.
[05-Aug-2026 14:48:00 UTC] Automatic updates complete.
[05-Aug-2026 17:14:47 UTC] Automatic updates starting...
[05-Aug-2026 17:14:48 UTC]   Automatic plugin updates starting...
[05-Aug-2026 17:14:48 UTC]   Automatic plugin updates complete.
[05-Aug-2026 17:14:49 UTC]   Automatic theme updates starting...
[05-Aug-2026 17:14:49 UTC]   Automatic theme updates complete.
[05-Aug-2026 17:14:49 UTC] Automatic updates complete.
[05-Aug-2026 18:17:56 UTC] Automatic updates starting...
[05-Aug-2026 18:17:56 UTC]   Automatic plugin updates starting...
[05-Aug-2026 18:17:56 UTC]   Automatic plugin updates complete.
[05-Aug-2026 18:17:56 UTC]   Automatic theme updates starting...
[05-Aug-2026 18:17:56 UTC]   Automatic theme updates complete.
[05-Aug-2026 18:17:56 UTC] Automatic updates complete.
[05-Aug-2026 19:58:06 UTC] Automatic updates starting...
[05-Aug-2026 19:58:06 UTC]   Automatic plugin updates starting...
[05-Aug-2026 19:58:06 UTC]   Automatic plugin updates complete.
[05-Aug-2026 19:58:06 UTC]   Automatic theme updates starting...
[05-Aug-2026 19:58:06 UTC]   Automatic theme updates complete.
[05-Aug-2026 19:58:06 UTC] Automatic updates complete.
[05-Aug-2026 21:04:53 UTC] Automatic updates starting...
[05-Aug-2026 21:04:53 UTC]   Automatic plugin updates starting...
[05-Aug-2026 21:04:53 UTC]   Automatic plugin updates complete.
[05-Aug-2026 21:04:53 UTC]   Automatic theme updates starting...
[05-Aug-2026 21:04:53 UTC]   Automatic theme updates complete.
[05-Aug-2026 21:04:53 UTC] Automatic updates complete.
[05-Aug-2026 22:14:35 UTC] Automatic updates starting...
[05-Aug-2026 22:14:35 UTC]   Automatic plugin updates starting...
[05-Aug-2026 22:14:35 UTC]   Automatic plugin updates complete.
[05-Aug-2026 22:14:35 UTC]   Automatic theme updates starting...
[05-Aug-2026 22:14:35 UTC]   Automatic theme updates complete.
[05-Aug-2026 22:14:35 UTC] Automatic updates complete.
[05-Aug-2026 23:16:31 UTC] Automatic updates starting...
[05-Aug-2026 23:16:31 UTC]   Automatic plugin updates starting...
[05-Aug-2026 23:16:31 UTC]   Automatic plugin updates complete.
[05-Aug-2026 23:16:31 UTC]   Automatic theme updates starting...
[05-Aug-2026 23:16:31 UTC]   Automatic theme updates complete.
[05-Aug-2026 23:16:31 UTC] Automatic updates complete.
[06-Aug-2026 00:06:54 UTC] Automatic updates starting...
[06-Aug-2026 00:06:54 UTC]   Automatic plugin updates starting...
[06-Aug-2026 00:06:54 UTC]   Automatic plugin updates complete.
[06-Aug-2026 00:06:54 UTC]   Automatic theme updates starting...
[06-Aug-2026 00:06:54 UTC]   Automatic theme updates complete.
[06-Aug-2026 00:06:54 UTC] Automatic updates complete.
[06-Aug-2026 01:47:48 UTC] Automatic updates starting...
[06-Aug-2026 01:47:48 UTC]   Automatic plugin updates starting...
[06-Aug-2026 01:47:48 UTC]   Automatic plugin updates complete.
[06-Aug-2026 01:47:48 UTC]   Automatic theme updates starting...
[06-Aug-2026 01:47:48 UTC]   Automatic theme updates complete.
[06-Aug-2026 01:47:48 UTC] Automatic updates complete.
[06-Aug-2026 02:52:04 UTC] Automatic updates starting...
[06-Aug-2026 02:52:04 UTC]   Automatic plugin updates starting...
[06-Aug-2026 02:52:04 UTC]   Automatic plugin updates complete.
[06-Aug-2026 02:52:04 UTC]   Automatic theme updates starting...
[06-Aug-2026 02:52:04 UTC]   Automatic theme updates complete.
[06-Aug-2026 02:52:04 UTC] Automatic updates complete.
[06-Aug-2026 04:09:34 UTC] Automatic updates starting...
[06-Aug-2026 04:09:34 UTC]   Automatic plugin updates starting...
[06-Aug-2026 04:09:34 UTC]   Automatic plugin updates complete.
[06-Aug-2026 04:09:34 UTC]   Automatic theme updates starting...
[06-Aug-2026 04:09:34 UTC]   Automatic theme updates complete.
[06-Aug-2026 04:09:34 UTC] Automatic updates complete.
[06-Aug-2026 05:13:49 UTC] Automatic updates starting...
[06-Aug-2026 05:13:49 UTC]   Automatic plugin updates starting...
[06-Aug-2026 05:13:49 UTC]   Automatic plugin updates complete.
[06-Aug-2026 05:13:49 UTC]   Automatic theme updates starting...
[06-Aug-2026 05:13:49 UTC]   Automatic theme updates complete.
[06-Aug-2026 05:13:49 UTC] Automatic updates complete.
[06-Aug-2026 06:19:08 UTC] Automatic updates starting...
[06-Aug-2026 06:19:08 UTC]   Automatic plugin updates starting...
[06-Aug-2026 06:19:08 UTC]   Automatic plugin updates complete.
[06-Aug-2026 06:19:08 UTC]   Automatic theme updates starting...
[06-Aug-2026 06:19:08 UTC]   Automatic theme updates complete.
[06-Aug-2026 06:19:08 UTC] Automatic updates complete.
[06-Aug-2026 07:28:35 UTC] Automatic updates starting...
[06-Aug-2026 07:28:35 UTC]   Automatic plugin updates starting...
[06-Aug-2026 07:28:35 UTC]   Automatic plugin updates complete.
[06-Aug-2026 07:28:35 UTC]   Automatic theme updates starting...
[06-Aug-2026 07:28:35 UTC]   Automatic theme updates complete.
[06-Aug-2026 07:28:35 UTC] Automatic updates complete.
[06-Aug-2026 09:24:54 UTC] Automatic updates starting...
[06-Aug-2026 09:24:54 UTC]   Automatic plugin updates starting...
[06-Aug-2026 09:24:54 UTC]   Automatic plugin updates complete.
[06-Aug-2026 09:24:54 UTC]   Automatic theme updates starting...
[06-Aug-2026 09:24:54 UTC]   Automatic theme updates complete.
[06-Aug-2026 09:24:54 UTC] Automatic updates complete.
[06-Aug-2026 10:38:31 UTC] Automatic updates starting...
[06-Aug-2026 10:38:31 UTC]   Automatic plugin updates starting...
[06-Aug-2026 10:38:31 UTC]   Automatic plugin updates complete.
[06-Aug-2026 10:38:31 UTC]   Automatic theme updates starting...
[06-Aug-2026 10:38:31 UTC]   Automatic theme updates complete.
[06-Aug-2026 10:38:31 UTC] Automatic updates complete.
[06-Aug-2026 11:54:02 UTC] Automatic updates starting...
[06-Aug-2026 11:54:02 UTC]   Automatic plugin updates starting...
[06-Aug-2026 11:54:02 UTC]   Automatic plugin updates complete.
[06-Aug-2026 11:54:02 UTC]   Automatic theme updates starting...
[06-Aug-2026 11:54:02 UTC]   Automatic theme updates complete.
[06-Aug-2026 11:54:02 UTC] Automatic updates complete.
[06-Aug-2026 12:06:12 UTC] Automatic updates starting...
[06-Aug-2026 12:06:12 UTC]   Automatic plugin updates starting...
[06-Aug-2026 12:06:12 UTC]   Automatic plugin updates complete.
[06-Aug-2026 12:06:12 UTC]   Automatic theme updates starting...
[06-Aug-2026 12:06:12 UTC]   Automatic theme updates complete.
[06-Aug-2026 12:06:12 UTC] Automatic updates complete.
[06-Aug-2026 13:21:36 UTC] Automatic updates starting...
[06-Aug-2026 13:21:36 UTC]   Automatic plugin updates starting...
[06-Aug-2026 13:21:36 UTC]   Automatic plugin updates complete.
[06-Aug-2026 13:21:36 UTC]   Automatic theme updates starting...
[06-Aug-2026 13:21:36 UTC]   Automatic theme updates complete.
[06-Aug-2026 13:21:36 UTC] Automatic updates complete.
[06-Aug-2026 14:32:26 UTC] Automatic updates starting...
[06-Aug-2026 14:32:26 UTC]   Automatic plugin updates starting...
[06-Aug-2026 14:32:26 UTC]   Automatic plugin updates complete.
[06-Aug-2026 14:32:26 UTC]   Automatic theme updates starting...
[06-Aug-2026 14:32:26 UTC]   Automatic theme updates complete.
[06-Aug-2026 14:32:26 UTC] Automatic updates complete.
[06-Aug-2026 15:32:33 UTC] Automatic updates starting...
[06-Aug-2026 15:32:33 UTC]   Automatic plugin updates starting...
[06-Aug-2026 15:32:33 UTC]   Automatic plugin updates complete.
[06-Aug-2026 15:32:33 UTC]   Automatic theme updates starting...
[06-Aug-2026 15:32:33 UTC]   Automatic theme updates complete.
[06-Aug-2026 15:32:33 UTC] Automatic updates complete.
[06-Aug-2026 16:37:07 UTC] Automatic updates starting...
[06-Aug-2026 16:37:07 UTC]   Automatic plugin updates starting...
[06-Aug-2026 16:37:07 UTC]   Automatic plugin updates complete.
[06-Aug-2026 16:37:07 UTC]   Automatic theme updates starting...
[06-Aug-2026 16:37:07 UTC]   Automatic theme updates complete.
[06-Aug-2026 16:37:07 UTC] Automatic updates complete.
[06-Aug-2026 17:57:32 UTC] Automatic updates starting...
[06-Aug-2026 17:57:32 UTC]   Automatic plugin updates starting...
[06-Aug-2026 17:57:32 UTC]   Automatic plugin updates complete.
[06-Aug-2026 17:57:32 UTC]   Automatic theme updates starting...
[06-Aug-2026 17:57:32 UTC]   Automatic theme updates complete.
[06-Aug-2026 17:57:32 UTC] Automatic updates complete.
[06-Aug-2026 18:58:14 UTC] Automatic updates starting...
[06-Aug-2026 18:58:14 UTC]   Automatic plugin updates starting...
[06-Aug-2026 18:58:14 UTC]   Automatic plugin updates complete.
[06-Aug-2026 18:58:14 UTC]   Automatic theme updates starting...
[06-Aug-2026 18:58:14 UTC]   Automatic theme updates complete.
[06-Aug-2026 18:58:14 UTC] Automatic updates complete.
[06-Aug-2026 20:21:01 UTC] Automatic updates starting...
[06-Aug-2026 20:21:01 UTC]   Automatic plugin updates starting...
[06-Aug-2026 20:21:01 UTC]   Automatic plugin updates complete.
[06-Aug-2026 20:21:01 UTC]   Automatic theme updates starting...
[06-Aug-2026 20:21:01 UTC]   Automatic theme updates complete.
[06-Aug-2026 20:21:01 UTC] Automatic updates complete.
[06-Aug-2026 20:21:01 UTC] PHP Notice:  maintenance_mode(): Could not access filesystem. in /home/inclenweb/admin/admin/wp-includes/functions.php on line 6170
[07-Aug-2026 00:11:37 UTC] Automatic updates starting...
[07-Aug-2026 00:11:38 UTC]   Automatic plugin updates starting...
[07-Aug-2026 00:11:38 UTC]   Automatic plugin updates complete.
[07-Aug-2026 00:11:38 UTC]   Automatic theme updates starting...
[07-Aug-2026 00:11:38 UTC]   Automatic theme updates complete.
[07-Aug-2026 00:11:38 UTC] Automatic updates complete.
[07-Aug-2026 12:59:25 UTC] Automatic updates starting...
[07-Aug-2026 12:59:25 UTC]   Automatic plugin updates starting...
[07-Aug-2026 12:59:25 UTC]   Automatic plugin updates complete.
[07-Aug-2026 12:59:26 UTC]   Automatic theme updates starting...
[07-Aug-2026 12:59:26 UTC]   Automatic theme updates complete.
[07-Aug-2026 12:59:26 UTC] Automatic updates complete.
[07-Aug-2026 12:59:27 UTC] PHP Notice:  _wp_delete_all_temp_backups(): Could not access filesystem. in /home/inclenweb/admin/admin/wp-includes/functions.php on line 6170
[08-Aug-2026 00:15:48 UTC] Automatic updates starting...
[08-Aug-2026 00:15:49 UTC]   Automatic plugin updates starting...
[08-Aug-2026 00:15:49 UTC]   Automatic plugin updates complete.
[08-Aug-2026 00:15:49 UTC]   Automatic theme updates starting...
[08-Aug-2026 00:15:49 UTC]   Automatic theme updates complete.
[08-Aug-2026 00:15:49 UTC] Automatic updates complete.
[08-Aug-2026 12:04:23 UTC] Automatic updates starting...
[08-Aug-2026 12:04:24 UTC]   Automatic plugin updates starting...
[08-Aug-2026 12:04:24 UTC]   Automatic plugin updates complete.
[08-Aug-2026 12:04:24 UTC]   Automatic theme updates starting...
[08-Aug-2026 12:04:24 UTC]   Automatic theme updates complete.
[08-Aug-2026 12:04:24 UTC] Automatic updates complete.
[09-Aug-2026 00:30:33 UTC] Automatic updates starting...
[09-Aug-2026 00:30:33 UTC]   Automatic plugin updates starting...
[09-Aug-2026 00:30:33 UTC]   Automatic plugin updates complete.
[09-Aug-2026 00:30:34 UTC]   Automatic theme updates starting...
[09-Aug-2026 00:30:34 UTC]   Automatic theme updates complete.
[09-Aug-2026 00:30:34 UTC] Automatic updates complete.
[09-Aug-2026 12:02:14 UTC] Automatic updates starting...
[09-Aug-2026 12:02:15 UTC]   Automatic plugin updates starting...
[09-Aug-2026 12:02:15 UTC]   Automatic plugin updates complete.
[09-Aug-2026 12:02:15 UTC]   Automatic theme updates starting...
[09-Aug-2026 12:02:15 UTC]   Automatic theme updates complete.
[09-Aug-2026 12:02:15 UTC] Automatic updates complete.
[10-Aug-2026 02:00:35 UTC] Automatic updates starting...
[10-Aug-2026 02:00:36 UTC]   Automatic plugin updates starting...
[10-Aug-2026 02:00:36 UTC]   Automatic plugin updates complete.
[10-Aug-2026 02:00:36 UTC]   Automatic theme updates starting...
[10-Aug-2026 02:00:36 UTC]   Automatic theme updates complete.
[10-Aug-2026 02:00:36 UTC] Automatic updates complete.
[10-Aug-2026 12:07:22 UTC] Automatic updates starting...
[10-Aug-2026 12:07:23 UTC]   Automatic plugin updates starting...
[10-Aug-2026 12:07:23 UTC]   Automatic plugin updates complete.
[10-Aug-2026 12:07:24 UTC]   Automatic theme updates starting...
[10-Aug-2026 12:07:24 UTC]   Automatic theme updates complete.
[10-Aug-2026 12:07:24 UTC] Automatic updates complete.
[11-Aug-2026 00:07:24 UTC] Automatic updates starting...
[11-Aug-2026 00:07:24 UTC]   Automatic plugin updates starting...
[11-Aug-2026 00:07:24 UTC]   Automatic plugin updates complete.
[11-Aug-2026 00:07:25 UTC]   Automatic theme updates starting...
[11-Aug-2026 00:07:25 UTC]   Automatic theme updates complete.
[11-Aug-2026 00:07:25 UTC] Automatic updates complete.
[11-Aug-2026 12:02:53 UTC] Automatic updates starting...
[11-Aug-2026 12:02:53 UTC]   Automatic plugin updates starting...
[11-Aug-2026 12:02:53 UTC]   Automatic plugin updates complete.
[11-Aug-2026 12:02:54 UTC]   Automatic theme updates starting...
[11-Aug-2026 12:02:54 UTC]   Automatic theme updates complete.
[11-Aug-2026 12:02:54 UTC] Automatic updates complete.
[11-Aug-2026 13:11:49 UTC] Automatic updates starting...
[11-Aug-2026 13:11:49 UTC]   Automatic plugin updates starting...
[11-Aug-2026 13:11:49 UTC]   Automatic plugin updates complete.
[11-Aug-2026 13:11:49 UTC]   Automatic theme updates starting...
[11-Aug-2026 13:11:49 UTC]   Automatic theme updates complete.
[11-Aug-2026 13:11:49 UTC] Automatic updates complete.
[11-Aug-2026 14:26:46 UTC] Automatic updates starting...
[11-Aug-2026 14:26:46 UTC]   Automatic plugin updates starting...
[11-Aug-2026 14:26:46 UTC]   Automatic plugin updates complete.
[11-Aug-2026 14:26:46 UTC]   Automatic theme updates starting...
[11-Aug-2026 14:26:46 UTC]   Automatic theme updates complete.
[11-Aug-2026 14:26:46 UTC] Automatic updates complete.
[11-Aug-2026 15:49:12 UTC] Automatic updates starting...
[11-Aug-2026 15:49:12 UTC]   Automatic plugin updates starting...
[11-Aug-2026 15:49:12 UTC]   Automatic plugin updates complete.
[11-Aug-2026 15:49:12 UTC]   Automatic theme updates starting...
[11-Aug-2026 15:49:12 UTC]   Automatic theme updates complete.
[11-Aug-2026 15:49:12 UTC] Automatic updates complete.
[11-Aug-2026 17:08:39 UTC] Automatic updates starting...
[11-Aug-2026 17:08:39 UTC]   Automatic plugin updates starting...
[11-Aug-2026 17:08:39 UTC]   Automatic plugin updates complete.
[11-Aug-2026 17:08:39 UTC]   Automatic theme updates starting...
[11-Aug-2026 17:08:39 UTC]   Automatic theme updates complete.
[11-Aug-2026 17:08:39 UTC] Automatic updates complete.
[11-Aug-2026 18:17:53 UTC] Automatic updates starting...
[11-Aug-2026 18:17:53 UTC]   Automatic plugin updates starting...
[11-Aug-2026 18:17:53 UTC]   Automatic plugin updates complete.
[11-Aug-2026 18:17:53 UTC]   Automatic theme updates starting...
[11-Aug-2026 18:17:53 UTC]   Automatic theme updates complete.
[11-Aug-2026 18:17:53 UTC] Automatic updates complete.
[11-Aug-2026 19:21:09 UTC] Automatic updates starting...
[11-Aug-2026 19:21:09 UTC]   Automatic plugin updates starting...
[11-Aug-2026 19:21:09 UTC]   Automatic plugin updates complete.
[11-Aug-2026 19:21:09 UTC]   Automatic theme updates starting...
[11-Aug-2026 19:21:09 UTC]   Automatic theme updates complete.
[11-Aug-2026 19:21:09 UTC] Automatic updates complete.
[11-Aug-2026 20:21:31 UTC] Automatic updates starting...
[11-Aug-2026 20:21:31 UTC]   Automatic plugin updates starting...
[11-Aug-2026 20:21:31 UTC]   Automatic plugin updates complete.
[11-Aug-2026 20:21:31 UTC]   Automatic theme updates starting...
[11-Aug-2026 20:21:31 UTC]   Automatic theme updates complete.
[11-Aug-2026 20:21:31 UTC] Automatic updates complete.
[11-Aug-2026 21:26:57 UTC] Cron unschedule event error for hook: wp_version_check, Error code: could_not_set, Error message: The cron event list could not be saved., Data: {"schedule":false,"args":[]}
[11-Aug-2026 21:26:58 UTC] Automatic updates starting...
[11-Aug-2026 21:26:58 UTC]   Automatic plugin updates starting...
[11-Aug-2026 21:26:58 UTC]   Automatic plugin updates complete.
[11-Aug-2026 21:26:58 UTC]   Automatic theme updates starting...
[11-Aug-2026 21:26:58 UTC]   Automatic theme updates complete.
[11-Aug-2026 21:26:58 UTC] Automatic updates complete.
[11-Aug-2026 22:29:40 UTC] Automatic updates starting...
[11-Aug-2026 22:29:40 UTC]   Automatic plugin updates starting...
[11-Aug-2026 22:29:40 UTC]   Automatic plugin updates complete.
[11-Aug-2026 22:29:40 UTC]   Automatic theme updates starting...
[11-Aug-2026 22:29:40 UTC]   Automatic theme updates complete.
[11-Aug-2026 22:29:40 UTC] Automatic updates complete.
[11-Aug-2026 23:38:53 UTC] Automatic updates starting...
[11-Aug-2026 23:38:53 UTC]   Automatic plugin updates starting...
[11-Aug-2026 23:38:53 UTC]   Automatic plugin updates complete.
[11-Aug-2026 23:38:53 UTC]   Automatic theme updates starting...
[11-Aug-2026 23:38:53 UTC]   Automatic theme updates complete.
[11-Aug-2026 23:38:53 UTC] Automatic updates complete.
[12-Aug-2026 00:32:15 UTC] Automatic updates starting...
[12-Aug-2026 00:32:15 UTC]   Automatic plugin updates starting...
[12-Aug-2026 00:32:15 UTC]   Automatic plugin updates complete.
[12-Aug-2026 00:32:15 UTC]   Automatic theme updates starting...
[12-Aug-2026 00:32:15 UTC]   Automatic theme updates complete.
[12-Aug-2026 00:32:15 UTC] Automatic updates complete.
[12-Aug-2026 02:59:27 UTC] Automatic updates starting...
[12-Aug-2026 02:59:28 UTC]   Automatic plugin updates starting...
[12-Aug-2026 02:59:28 UTC]   Automatic plugin updates complete.
[12-Aug-2026 02:59:28 UTC]   Automatic theme updates starting...
[12-Aug-2026 02:59:28 UTC]   Automatic theme updates complete.
[12-Aug-2026 02:59:28 UTC] Automatic updates complete.
[12-Aug-2026 04:39:35 UTC] Automatic updates starting...
[12-Aug-2026 04:39:35 UTC]   Automatic plugin updates starting...
[12-Aug-2026 04:39:35 UTC]   Automatic plugin updates complete.
[12-Aug-2026 04:39:35 UTC]   Automatic theme updates starting...
[12-Aug-2026 04:39:35 UTC]   Automatic theme updates complete.
[12-Aug-2026 04:39:35 UTC] Automatic updates complete.
[12-Aug-2026 06:12:04 UTC] Automatic updates starting...
[12-Aug-2026 06:12:04 UTC]   Automatic plugin updates starting...
[12-Aug-2026 06:12:04 UTC]   Automatic plugin updates complete.
[12-Aug-2026 06:12:04 UTC]   Automatic theme updates starting...
[12-Aug-2026 06:12:04 UTC]   Automatic theme updates complete.
[12-Aug-2026 06:12:04 UTC] Automatic updates complete.
[12-Aug-2026 07:28:20 UTC] Automatic updates starting...
[12-Aug-2026 07:28:20 UTC]   Automatic plugin updates starting...
[12-Aug-2026 07:28:20 UTC]   Automatic plugin updates complete.
[12-Aug-2026 07:28:20 UTC]   Automatic theme updates starting...
[12-Aug-2026 07:28:20 UTC]   Automatic theme updates complete.
[12-Aug-2026 07:28:20 UTC] Automatic updates complete.
[12-Aug-2026 08:30:14 UTC] Automatic updates starting...
[12-Aug-2026 08:30:14 UTC]   Automatic plugin updates starting...
[12-Aug-2026 08:30:14 UTC]   Automatic plugin updates complete.
[12-Aug-2026 08:30:14 UTC]   Automatic theme updates starting...
[12-Aug-2026 08:30:15 UTC]   Automatic theme updates complete.
[12-Aug-2026 08:30:15 UTC] Automatic updates complete.
[12-Aug-2026 09:40:56 UTC] Automatic updates starting...
[12-Aug-2026 09:40:56 UTC]   Automatic plugin updates starting...
[12-Aug-2026 09:40:56 UTC]   Automatic plugin updates complete.
[12-Aug-2026 09:40:56 UTC]   Automatic theme updates starting...
[12-Aug-2026 09:40:56 UTC]   Automatic theme updates complete.
[12-Aug-2026 09:40:56 UTC] Automatic updates complete.
[12-Aug-2026 10:43:32 UTC] Automatic updates starting...
[12-Aug-2026 10:43:32 UTC]   Automatic plugin updates starting...
[12-Aug-2026 10:43:32 UTC]   Automatic plugin updates complete.
[12-Aug-2026 10:43:32 UTC]   Automatic theme updates starting...
[12-Aug-2026 10:43:32 UTC]   Automatic theme updates complete.
[12-Aug-2026 10:43:32 UTC] Automatic updates complete.
[12-Aug-2026 12:56:31 UTC] Automatic updates starting...
[12-Aug-2026 12:56:31 UTC]   Automatic plugin updates starting...
[12-Aug-2026 12:56:31 UTC]   Automatic plugin updates complete.
[12-Aug-2026 12:56:32 UTC]   Automatic theme updates starting...
[12-Aug-2026 12:56:32 UTC]   Automatic theme updates complete.
[12-Aug-2026 12:56:32 UTC] Automatic updates complete.
[13-Aug-2026 00:05:08 UTC] Automatic updates starting...
[13-Aug-2026 00:05:09 UTC]   Automatic plugin updates starting...
[13-Aug-2026 00:05:09 UTC]   Automatic plugin updates complete.
[13-Aug-2026 00:05:09 UTC]   Automatic theme updates starting...
[13-Aug-2026 00:05:09 UTC]   Automatic theme updates complete.
[13-Aug-2026 00:05:09 UTC] Automatic updates complete.
[13-Aug-2026 00:05:09 UTC] PHP Notice:  maintenance_mode(): Could not access filesystem. in /home/inclenweb/admin/admin/wp-includes/functions.php on line 6170
[13-Aug-2026 12:01:50 UTC] Automatic updates starting...
[13-Aug-2026 12:01:51 UTC]   Automatic plugin updates starting...
[13-Aug-2026 12:01:51 UTC]   Automatic plugin updates complete.
[13-Aug-2026 12:01:52 UTC]   Automatic theme updates starting...
[13-Aug-2026 12:01:52 UTC]   Automatic theme updates complete.
[13-Aug-2026 12:01:52 UTC] Automatic updates complete.
[14-Aug-2026 05:54:32 UTC] PHP Warning:  mysqli_real_connect(): (HY000/2002): No connection could be made because the target machine actively refused it in E:\xampp\htdocs\inclenweb\admin\admin\wp-includes\class-wpdb.php on line 1988
[14-Aug-2026 05:54:34 UTC] PHP Warning:  mysqli_real_connect(): (HY000/2002): No connection could be made because the target machine actively refused it in E:\xampp\htdocs\inclenweb\admin\admin\wp-includes\class-wpdb.php on line 1988
[14-Aug-2026 05:54:39 UTC] PHP Warning:  mysqli_real_connect(): (HY000/2002): No connection could be made because the target machine actively refused it in E:\xampp\htdocs\inclenweb\admin\admin\wp-includes\class-wpdb.php on line 1988
[14-Aug-2026 12:01:51 UTC] Automatic updates starting...
[14-Aug-2026 12:01:52 UTC]   Automatic plugin updates starting...
[14-Aug-2026 12:01:52 UTC]   Automatic plugin updates complete.
[14-Aug-2026 12:01:54 UTC]   Automatic theme updates starting...
[14-Aug-2026 12:01:54 UTC]   Automatic theme updates complete.
[14-Aug-2026 12:01:54 UTC] Automatic updates complete.
[18-Aug-2026 12:22:13 UTC] Automatic updates starting...
[18-Aug-2026 12:22:14 UTC]   Automatic plugin updates starting...
[18-Aug-2026 12:22:14 UTC]   Automatic plugin updates complete.
[18-Aug-2026 12:22:15 UTC]   Automatic theme updates starting...
[18-Aug-2026 12:22:15 UTC]   Automatic theme updates complete.
[18-Aug-2026 12:22:15 UTC] Automatic updates complete.
[19-Aug-2026 13:07:38 UTC] Automatic updates starting...
[19-Aug-2026 13:07:39 UTC]   Automatic plugin updates starting...
[19-Aug-2026 13:07:39 UTC]   Automatic plugin updates complete.
[19-Aug-2026 13:07:39 UTC]   Automatic theme updates starting...
[19-Aug-2026 13:07:39 UTC]   Automatic theme updates complete.
[19-Aug-2026 13:07:39 UTC] Automatic updates complete.
[20-Aug-2026 05:06:42 UTC] Automatic updates starting...
[20-Aug-2026 05:06:43 UTC]   Automatic plugin updates starting...
[20-Aug-2026 05:06:43 UTC]   Automatic plugin updates complete.
[20-Aug-2026 05:06:44 UTC]   Automatic theme updates starting...
[20-Aug-2026 05:06:44 UTC]   Automatic theme updates complete.
[20-Aug-2026 05:06:44 UTC] Automatic updates complete.
[20-Aug-2026 12:01:48 UTC] Automatic updates starting...
[20-Aug-2026 12:01:49 UTC]   Automatic plugin updates starting...
[20-Aug-2026 12:01:49 UTC]   Automatic plugin updates complete.
[20-Aug-2026 12:01:50 UTC]   Automatic theme updates starting...
[20-Aug-2026 12:01:50 UTC]   Automatic theme updates complete.
[20-Aug-2026 12:01:50 UTC] Automatic updates complete.
